[
{ "fields" : {
    "slug" : "assessment",
    "title" : "Best Practices Report",
    "description" : "Best Practices Report",
    "account" : 6,
    "active": true
  },
  "model" : "survey.campaign", "pk" : 1
},
{ "fields": {
    "slug": "assessment",
    "title": "Assessment",
    "system": 3
  },
  "model" : "survey.unit", "pk" : 1
},
{ "fields": {
    "slug": "points",
    "title": "Points",
    "system": 2
  },
  "model" : "survey.unit", "pk" : 2
},
{ "fields": {
    "slug": "freetext",
    "title": "Free text",
    "system": 4
  },
  "model" : "survey.unit", "pk" : 3
},
{ "fields": {
    "unit": 1,
    "rank": 1,
    "text": "Yes",
    "descr": "The practice is implemented across all activities/services/products/offices/ facilities to which it could apply."
  },
  "model" : "survey.choice", "pk" : 1
},
{ "fields": {
    "unit": 1,
    "rank": 2,
    "text": "Mostly yes",
    "descr": "The practice is implemented across roughly 50% OR MORE of the activities/services/products/offices/ facilities to which it could apply."
  },
  "model" : "survey.choice", "pk" : 2
},
{ "fields": {
    "unit": 1,
    "rank": 3,
    "text": "Mostly no",
    "descr": "The practice is implemented across roughly 50% OR LESS of the activities/services/products/offices/ facilities to which it could apply."
  },
  "model" : "survey.choice", "pk" : 3
},
{ "fields": {
    "unit": 1,
    "rank": 4,
    "text": "No",
    "descr": "The practice is implemented across negligible to no activities/services/products/offices/ facilities to which it could apply."
  },
  "model" : "survey.choice", "pk" : 4
},
{ "fields": {
    "unit": 1,
    "rank": 5,
    "text": "Not applicable",
    "descr": "The practice is not applicable to the organization, or the organization has no influence or control over its implementation."
  },
  "model" : "survey.choice", "pk" : 5
},
{ "fields": {
    "slug": "assessment",
    "title": "Assessment",
    "unit": 1
  },
  "model" : "survey.metric", "pk" : 1
},
{ "fields": {
    "slug": "score",
    "title": "Score",
    "unit": 2
  },
  "model" : "survey.metric", "pk" : 2
},
{ "fields": {
    "slug": "freetext",
    "title": "Other measures",
    "unit": 3
  },
  "model" : "survey.metric", "pk" : 3
},
{ "fields": {
    "slug": "comments",
    "title": "Comments",
    "unit": 3
  },
  "model" : "survey.metric", "pk" : 4
},
{
  "fields": {
    "slug": "usd",
    "title": "USD",
    "system": 2
  },
  "model": "survey.unit", "pk": 5
},
{
  "fields": {
    "slug": "revenue-generated",
    "title": "Annual Revenue (USD)",
    "unit": 5
  },
  "model": "survey.metric", "pk": 6
},
{
  "fields": {
    "slug": "person",
    "title": "Person",
    "system": 2
  },
  "model": "survey.unit", "pk": 6
},
{
  "fields": {
    "slug": "employee-counted",
    "title": "Full-time Employee Count",
    "unit": 6
  },
  "model": "survey.metric", "pk": 7
},
{ "fields": {
    "slug": "yes-no",
    "title": "Yes/No",
    "system": 3
  },
  "model" : "survey.unit", "pk" : 7
},
{ "fields": {
    "unit": 7,
    "rank": 1,
    "text": "Yes"
  },
  "model" : "survey.choice", "pk" : 12
},
{ "fields": {
    "unit": 7,
    "rank": 2,
    "text": "No"
  },
  "model" : "survey.choice", "pk" : 13
},
{
  "fields": {
    "slug": "yes-no",
    "title": "Yes/No",
    "unit": 7
  },
  "model": "survey.metric", "pk": 8
},
{ "fields": {
    "slug": "year",
    "title": "Year",
    "system": 2
  },
  "model" : "survey.unit", "pk" : 8
},
{
  "fields": {
    "slug": "year",
    "title": "Year",
    "unit": 8
  },
  "model": "survey.metric", "pk": 9
},
{ "fields": {
    "slug": "kwh-year",
    "title": "Kilowatt-hour (kWh) of Electricity  / Year",
    "system": 0
  },
  "model" : "survey.unit", "pk" : 9
},
{
  "fields": {
    "slug": "energy-consumed",
    "title": "Energy consumed",
    "unit": 9
  },
  "model": "survey.metric", "pk": 10
},
{ "fields": {
    "slug": "tons-year",
    "title": "Metric Tons / Year",
    "system": 0
  },
  "model" : "survey.unit", "pk" : 10
},
{
  "fields": {
    "slug": "ghg-emissions-generated",
    "title": "GHG Emissions",
    "unit": 10
  },
  "model": "survey.metric", "pk": 11
},
{ "fields": {
    "slug": "gallons-year",
    "title": "US Gallons / Year",
    "system": 1
  },
  "model" : "survey.unit", "pk" : 11
},
{ "fields": {
    "slug": "mmbtu-year",
    "title": "mmBtu / Year",
    "system": 1
  },
  "model" : "survey.unit", "pk" : 13
},
{ "fields": {
    "slug": "m3-year",
    "title": "Cubic meters / Year",
    "system": 1
  },
  "model" : "survey.unit", "pk" : 14
},
{ "fields": {
    "slug": "kiloliters-year",
    "title": "Kilo liters / Year",
    "system": 1
  },
  "model" : "survey.unit", "pk" : 15
},
{ "fields": {
    "slug": "ft3-year",
    "title": "Cubic feet / Year",
    "system": 2
  },
  "model" : "survey.unit", "pk" : 16
},

{ "fields": {
    "slug": "ft3-year",
    "title": "Cubic feet / Year",
    "system": 2
  },
  "model" : "survey.unit", "pk" : 16
},
{ "fields": {
    "slug": "lbs-year",
    "title": "Pounds / Year",
    "system": 2
  },
  "model" : "survey.unit", "pk" : 17
},
{
  "fields": {
    "slug": "water-consumed",
    "title": "Water consumed",
    "unit": 11
  },
  "model": "survey.metric", "pk": 12
},

{
  "fields": {
    "slug": "waste-generated",
    "title": "Waste generated",
    "unit": 10
  },
  "model": "survey.metric", "pk": 13
},

{
  "fields": {
    "slug": "target-reduced",
    "title": "Target ",
    "unit": 3
  },
  "model": "survey.metric", "pk": 14
},
{
  "fields": {
    "slug": "target-by",
    "title": "Target by",
    "unit": 8
  },
  "model": "survey.metric", "pk": 15
},
{
  "fields": {
    "slug": "target-baseline",
    "title": "Target baseline",
    "unit": 8
  },
  "model": "survey.metric", "pk": 16
},
{
  "fields": {
    "slug": "mmbtu-of-natural-gas-year",
    "title": "mmBtu of Natural gas / Year"
  },
  "model": "survey.unit", "pk": 17
},
{
  "fields": {
    "slug": "mmbtu-of-blast-furnance-gas-year",
    "title": "mmBtu of Blast furnance gas  / Year"
  },
  "model": "survey.unit", "pk": 18
},
{
  "fields": {
    "slug": "mmbtu-of-coke-oven-gas-year",
    "title": "mmBtu of Coke oven gas  / Year"
  },
  "model": "survey.unit", "pk": 19
},
{
  "fields": {
    "slug": "mmbtu-of-fuel-gas-year",
    "title": "mmBtu of Fuel gas  / Year"
  },
  "model": "survey.unit", "pk": 20
},
{
  "fields": {
    "slug": "mmbtu-of-propane-gas-year",
    "title": "mmBtu of Propane (gas)  / Year"
  },
  "model": "survey.unit", "pk": 21
},
{
  "fields": {
    "slug": "gallon-of-aviation-gasoline-year",
    "title": "Gallon of Aviation gasoline  / Year"
  },
  "model": "survey.unit", "pk": 22
},
{
  "fields": {
    "slug": "gallon-of-kerosene-year",
    "title": "Gallon of Kerosene  / Year"
  },
  "model": "survey.unit", "pk": 23
},
{
  "fields": {
    "slug": "gallon-of-liquified-petroleum-gases-lpg-year",
    "title": "Gallon of Liquified Petroleum Gases (LPG)  / Year"
  },
  "model": "survey.unit", "pk": 24
},
{
  "fields": {
    "slug": "gallon-of-motor-gasoline-year",
    "title": "Gallon of Motor gasoline  / Year"
  },
  "model": "survey.unit", "pk": 25
},
{
  "fields": {
    "slug": "gallon-of-propane-liquid-year",
    "title": "Gallon of Propane (liquid)  / Year"
  },
  "model": "survey.unit", "pk": 26
},
{
  "fields": {
    "slug": "gallon-of-crude-oil-year",
    "title": "Gallon of Crude oil  / Year"
  },
  "model": "survey.unit", "pk": 27
},
{
  "fields": {
    "slug": "gallon-of-motor-diesel-fuel-year",
    "title": "Gallon of Motor diesel fuel  / Year"
  },
  "model": "survey.unit", "pk": 28
},
{
  "fields": {
    "slug": "gallon-of-liquified-natural-gas-lng-year",
    "title": "Gallon of Liquified Natural Gas (LNG)  / Year"
  },
  "model": "survey.unit", "pk": 29
},


{
    "fields": {
        "path": "/metal/boxes-and-enclosures/management-basics",
        "slug": "avg_energy_saving",
        "hidden": true
    },
    "model": "envconnect.ColumnHeader", "pk": 1
},
{
    "fields": {
        "path": "/metal/boxes-and-enclosures/management-basics",
        "slug": "capital_cost",
        "hidden": true
    },
    "model": "envconnect.ColumnHeader", "pk": 2
},
{
    "fields": {
        "path": "/metal/boxes-and-enclosures/management-basics",
        "slug": "payback_period",
        "hidden": true
    },
    "model": "envconnect.ColumnHeader", "pk": 3
},
{
    "fields": {
        "path": "/metal/boxes-and-enclosures/management-basics",
        "slug": "environmental_value",
        "hidden": true
    },
    "model": "envconnect.ColumnHeader", "pk": 4
},
{
    "fields": {
        "path": "/metal/boxes-and-enclosures/management-basics",
        "slug": "business_value",
        "hidden": true
    },
    "model": "envconnect.ColumnHeader", "pk": 5
},
{
    "fields": {
        "path": "/metal/boxes-and-enclosures/management-basics",
        "slug": "profitability",
        "hidden": true
    },
    "model": "envconnect.ColumnHeader", "pk": 6
},
{
    "fields": {
        "path": "/metal/boxes-and-enclosures/management-basics",
        "slug": "implementation_ease",
        "hidden": true
    },
    "model": "envconnect.ColumnHeader", "pk": 7
},
{
  "fields": {
    "title": "Boxes & enclosures",
    "slug": "boxes-and-enclosures",
    "tag": "{\"tags\":[\"industry\",\"pagebreak\",\"public\",\"enabled\",\"scorecard\",\"legend-2\"]}",
    "account": 6
  },
  "model": "pages.PageElement", "pk": 1
},
{
  "fields": {
    "title": "Metal structures & equipment",
    "slug": "metal",
    "tag": "{\"tags\":[\"industry\",\"enabled\",\"public\",\"heading\"]}",
    "account": 6
  },
  "model": "pages.PageElement", "pk": 3
},
{
  "fields": {
    "title": "Governance & management",
    "slug": "management-basics",
    "text": "/envconnect/static/img/management-basics.png",
    "tag": "{\"tags\":[\"management\",\"scorecard\"]}",
    "account": 6
  },
  "model": "pages.PageElement", "pk": 4
},
{
  "fields": {
    "orig_element": 1,
    "dest_element": 4
  },
  "model": "pages.relationship", "pk": 3
},
{
  "fields": {
    "title": "Design",
    "slug": "design",
    "text": "/envconnect/static/img/design.png",
    "tag": "{\"tags\":[\"scorecard\"]}",
    "account": 6
  },
  "model": "pages.PageElement", "pk": 5
},
{
  "fields": {
    "orig_element": 1,
    "dest_element": 5
  },
  "model": "pages.relationship", "pk": 4
},
{
  "fields": {
    "title": "Sourcing",
    "slug": "sourcing",
    "text": "/envconnect/static/img/sourcing.png",
    "tag": "{\"tags\":[\"scorecard\"]}",
    "account": 6
  },
  "model": "pages.PageElement", "pk": 6
},
{
  "fields": {
    "orig_element": 1,
    "dest_element": 6
  },
  "model": "pages.relationship", "pk": 5
},
{
  "fields": {
    "title": "Production",
    "slug": "production",
    "text": "/envconnect/static/img/production.png",
    "tag": "{\"tags\":[\"scorecard\"]}",
    "account": 6
  },
  "model": "pages.PageElement", "pk": 7
},
{
  "fields": {
    "orig_element": 1,
    "dest_element": 7
  },
  "model": "pages.relationship", "pk": 6
},
{
  "fields": {
    "title": "Distribution",
    "slug": "boxes-distribution",
    "text": "/envconnect/static/img/distribution.png",
    "tag": "{\"tags\":[\"scorecard\"]}",
    "account": 6
  },
  "model": "pages.PageElement", "pk": 8
},
{
  "fields": {
    "orig_element": 1,
    "dest_element": 8
  },
  "model": "pages.relationship", "pk": 7
},
{
  "fields": {
    "title": "End of Life",
    "slug": "end-of-life",
    "text": "/envconnect/static/img/end-of-life.png",
    "tag": "{\"tags\":[\"scorecard\"]}",
    "account": 6
  },
  "model": "pages.PageElement", "pk": 9
},
{
  "fields": {
    "orig_element": 1,
    "dest_element": 9
  },
  "model": "pages.relationship", "pk": 8
},
{
  "fields": {
    "title": "Product Design",
    "slug": "product-design",
    "account": 6
  },
  "model": "pages.PageElement", "pk": 10
},
{
  "fields": {
    "orig_element": 5,
    "dest_element": 10
  },
  "model": "pages.relationship", "pk": 9
},
{
  "fields": {
    "path": "/metal/boxes-and-enclosures/design/product-design",
    "text": "Product Design",
    "question_type": "integer",
    "default_metric": 1,
    "avg_energy_saving": "* * *",
    "capital_cost": "$$$",
    "payback_period": "3-12",
    "business_value": 1,
    "environmental_value": 1,
    "implementation_ease": 1,
    "profitability": 1,
    "avg_value": 1
  },
  "model": "envconnect.Consumption", "pk": 1
},
{
  "fields": {
    "campaign": 1,
    "question": 1,
    "rank": 1
  },
  "model": "survey.EnumeratedQuestions", "pk": 1
},
{
  "fields": {
    "title": "Packaging Design",
    "slug": "packaging-design",
    "account": 6
  },
  "model": "pages.PageElement", "pk": 11
},
{
  "fields": {
    "path": "/metal/boxes-and-enclosures/design/packaging-design",
    "text": "Packaging Design",
    "question_type": "radio",
    "default_metric": 1,
    "avg_energy_saving": "* * * *",
    "capital_cost": "$$$",
    "payback_period": "0-1.8 (0.3)",
    "business_value": 2,
    "environmental_value": 2,
    "implementation_ease": 2,
    "profitability": 2,
    "avg_value": 2
  },
  "model": "envconnect.Consumption", "pk": 3
},
{
  "fields": {
    "campaign": 1,
    "question": 3,
    "rank": 2
  },
  "model": "survey.EnumeratedQuestions", "pk": 2
},
{
  "fields": {
    "orig_element": 5,
    "dest_element": 11
  },
  "model": "pages.relationship", "pk": 10
},
{
  "fields": {
    "title": "Energy Efficiency",
    "slug": "energy-efficiency",
    "tag": "{\"tags\":[\"pagebreak\",\"scorecard\"]}",
    "account": 6
  },
  "model": "pages.PageElement", "pk": 12
},
{
  "fields": {
    "orig_element": 7,
    "dest_element": 12
  },
  "model": "pages.relationship", "pk": 11
},
{
  "fields": {
    "title": "Management",
    "slug": "energy-efficiency-management-basics",
    "text": "/envconnect/static/img/management-basics.png",
    "tag": "{\"tags\":[\"management\"]}",
    "account": 6
  },
  "model": "pages.PageElement", "pk": 16
},
{
  "fields": {
    "orig_element": 12,
    "dest_element": 16
  },
  "model": "pages.relationship", "pk": 15
},
{
  "fields": {
    "title": "Lighting",
    "slug": "energy-efficiency-lighting",
    "text": "/envconnect/static/img/lighting.png",
    "tag": "",
    "account": 6
  },
  "model": "pages.PageElement", "pk": 17
},
{
  "fields": {
    "orig_element": 12,
    "dest_element": 17
  },
  "model": "pages.relationship", "pk": 16
},
{
  "fields": {
    "title": "HVAC",
    "slug": "hvac",
    "text": "/envconnect/static/img/hvac.png",
    "tag": "",
    "account": 6
  },
  "model": "pages.PageElement", "pk": 18
},
{
  "fields": {
    "orig_element": 12,
    "dest_element": 18
  },
  "model": "pages.relationship", "pk": 17
},
{
  "fields": {
    "title": "Compressed air",
    "slug": "energy-efficiency-compressed-air",
    "text": "/envconnect/static/img/compressed-air.png",
    "tag": "",
    "account": 6
  },
  "model": "pages.PageElement", "pk": 19
},
{
  "fields": {
    "orig_element": 12,
    "dest_element": 19
  },
  "model": "pages.relationship", "pk": 18
},
{
  "fields": {
    "title": "Process equipment",
    "slug": "energy-efficiency-process-equipment",
    "text": "/envconnect/static/img/process-equipment.png",
    "tag": "",
    "account": 6
  },
  "model": "pages.PageElement", "pk": 20
},
{
  "fields": {
    "orig_element": 12,
    "dest_element": 20
  },
  "model": "pages.relationship", "pk": 19
},
{
  "fields": {
    "title": "Mechanical drives",
    "slug": "energy-efficiency-mechanical-drives",
    "text": "/envconnect/static/img/mechanical-drives.png",
    "tag": "",
    "account": 6
  },
  "model": "pages.PageElement", "pk": 21
},
{
  "fields": {
    "orig_element": 12,
    "dest_element": 21
  },
  "model": "pages.relationship", "pk": 20
},
{
  "fields": {
    "title": "Process heating",
    "slug": "process-heating",
    "text": "/envconnect/static/img/process-heating.png",
    "tag": "",
    "account": 6
  },
  "model": "pages.PageElement", "pk": 22
},
{
  "fields": {
    "orig_element": 12,
    "dest_element": 22
  },
  "model": "pages.relationship", "pk": 21
},
{
  "fields": {
    "title": "Process cooling",
    "slug": "energy-efficiency-process-cooling",
    "text": "/envconnect/static/img/process-cooling.png",
    "tag": "",
    "account": 6
  },
  "model": "pages.PageElement", "pk": 23
},
{
  "fields": {
    "orig_element": 12,
    "dest_element": 23
  },
  "model": "pages.relationship", "pk": 22
},
{
  "fields": {
    "title": "Other",
    "slug": "energy-efficiency-other",
    "text": "/envconnect/static/img/other.png",
    "tag": "",
    "account": 6
  },
  "model": "pages.PageElement", "pk": 24
},
{
  "fields": {
    "orig_element": 12,
    "dest_element": 24
  },
  "model": "pages.relationship", "pk": 23
},
{
  "fields": {
    "title": "Combustion",
    "slug": "combustion",
    "account": 6
  },
  "model": "pages.PageElement", "pk": 25
},
{
  "fields": {
    "orig_element": 22,
    "dest_element": 25
  },
  "model": "pages.relationship", "pk": 24
},
{
  "fields": {
    "title": "Adjust air/fuel ratio",
    "slug": "adjust-air-fuel-ratio",
    "text": "<h2>Background</h2><p>Some manufacturing processes may involve heating operations. The basic process heating operations for metal fabrications are summarized in Table 1 below, extracted from process heating system sourcebook of Reference [2].</p><img src=\"/media/envconnect/bf8ee0d402f4e6861171957410b0a016c739f7ba.png\"><p>In addition to the process heating equipment summarized in Table 1, steam and hot water boilers are also used to generate heating for process requirements. Heat generation from the process heating equipment and boilers is achieved by fuel combustion for fuel-based equipment. Figure 1 shows a typical fuel-based process heating system.</p><img src=\"/media/envconnect/40a273422cf7319f205219c98be277ac9a23ad4f.png\"><p>During the combustion process, it is important to maintain a certain amount of excess air in order to maintain safe combustion (prevent the formation of dangerous carbon monoxide). On the other hand, if there is too much excess air (if the air-to-fuel ratio is too high), it can carry away large amounts of heat from the equipment, resulting in reduced heating equipment efficiency.</p><h2>Improvement opportunity</h2><p>Perform air-and-fuel or flue gas analysis and tune the combustion equipment on a regular basis (semi-annually or annually) to ensure that a proper air-to-fuel ratio is maintained. This will reduce the amount of waste heat and increase the heating equipment efficiency, resulting in fuel energy savings. According to the process heating sourcebook of Reference [2], controlling air-to-fuel ratio can result in fuel savings of 5% to 25%.</p><p>According to a Process Heating Tip Sheet (Reference [1]), most high temperature direct-fired furnaces and boilers operate with about 10% to 20% excess combustion air at high fire to prevent the formation of carbon monoxide and soot deposits on heat transfer surfaces. Hence, if the excess combustion air is over 20%, tune the furnaces and boilers need to be tuned. See Table 2 by way of further illustration, which shows the boiler combustion efficiency of natural gas. As an example, adjusting the air-to-fuel ratio of the steam boiler to 4% O2 (about 21% excess air) from 7% O2 (about 50% excess air) will increase combustion efficiency by 1.6% at the 360 oF combustion temperature.</p><p>Other factors that need to be carefully considered when setting the amount of excess air:<ul><li>Type of fuel</li><li>Type of burner</li><li>Process conditions</li><li>Process temperature</li></ul></p><img src=\"/media/envconnect/71d44d2e6f5d7491d4599bc1fa2e6a09d3755110.png\"><p>For information about checking burner air to fuel ratios, refer to Reference [1]. To learn the fundamentals of process heating systems, refer to Reference [2]. Additional information for process heating systems is included in References [3], [4] and [5].</p><h2>References</h2><ol><li><a href=\"http://www.energy.gov/eere/amo/downloads/check-burner-air-fuel-ratios\" target=\"_blank\">Process Heating Tip Sheet #2: Check Burner Air to Fuel Ratios, by Industrial Technologies Program of U.S. Department of Energy (DOE).</a> (accessed on 6/1/2015)</li><li><a href=\"http://www.energy.gov/eere/amo/downloads/improving-process-heating-system-performance-sourcebook-industry-second-edition\" target=\"_blank\">Improving Process Heating System Performance: A Sourcebook for Industry, Second Edition (February 2008), by U.S. Department of Energy’s Office of Energy Efficiency and the Industrial Heating Equipment Association (IHEA).</a> (accessed on 6/1/2015)</li><li>The Process Heating Assessment and Survey Tool (PHAST) is a free software tool developed by U.S. Department of Energy (DOE). PHAST helps industrial users survey process heating equipment that consumes fuel, steam, or electricity, and identifies the most energy-intensive equipment. The tool can be downloaded at:<a href=\"http://www.energy.gov/eere/amo/articles/process-heating-assessment-and-survey-tool\" target=\"_blank\">http://www.energy.gov/eere/amo/articles/process-heating-assessment-and-survey-tool</a> (accessed on 6/1/2015)</li><li>The Industrial Heating Equipment Association (IHEA):<a href=\"http://www.ihea.org\" target=\"_blank\">http://www.ihea.org</a> (accessed on 6/1/2015)</li><li>Industrial Technologies Program – Process Heating Systems:<a href=\"http://www.energy.gov/eere/amo/process-heating-systems\" target=\"_blank\">http://www.energy.gov/eere/amo/process-heating-systems</a> (accessed on 6/1/2015)</li></ol><h2>Financial incentives</h2><p><ul><li>PG&amp;E offers incentive for qualified customized energy efficiency projects. The incentive amounts are based on actual reductions in energy usage. The 2015 incentives rates are $1.00/therm for natural gas savings. Be sure to contact PG&amp;E early in the design process. For more information, please go to:<a href=\"http://www.pge.com/en/mybusiness/save/rebates/ief/index.page\" target=\"_blank\">http://www.pge.com/en/mybusiness/save/rebates/ief/index.page?</a> (accessed on 5/1/2015)</li></ul></p><p><em>[This section will be expanded in future phases for facilities located outside of PG&E territory.]</em></p><h2>Training</h2><p><ul><li>Process Heating Assessment and Survey Tool Trainings are available at:<a href=\"http://www.energy.gov/eere/amo/articles/training-process-heating-systems\" target=\"_blank\">http://www.energy.gov/eere/amo/articles/training-process-heating-systems</a> (accessed on 6/1/2015)</li></ul></p>",
    "account": 6
  },
  "model": "pages.PageElement", "pk": 26
},
{
  "fields": {
    "orig_element": 25,
    "dest_element": 26
  },
  "model": "pages.relationship", "pk": 25
},
{
  "fields": {
    "path": "/metal/boxes-and-enclosures/production/energy-efficiency/process-heating/combustion/adjust-air-fuel-ratio",
    "text": "Adjust air/fuel ratio",
    "question_type": "radio",
    "default_metric": 1,
    "avg_energy_saving": "* * * *",
    "capital_cost": "$$",
    "payback_period": "0-1.8 (0.3)",
    "business_value": 1,
    "environmental_value": 1,
    "implementation_ease": 1,
    "profitability": 3,
    "avg_value": 1
  },
  "model": "envconnect.Consumption", "pk": 5
},
{
  "fields": {
    "campaign": 1,
    "question": 5,
    "rank": 3
  },
  "model": "survey.EnumeratedQuestions", "pk": 3
},
{
  "fields": {
    "title": "Reduce combustion air flow to optimum",
    "slug": "reduce-combustion-air-flow-to-optimum",
    "account": 6
  },
  "model": "pages.PageElement", "pk": 27
},
{
  "fields": {
    "orig_element": 25,
    "dest_element": 27
  },
  "model": "pages.relationship", "pk": 26
},
{
  "fields": {
    "path": "/metal/boxes-and-enclosures/production/energy-efficiency/process-heating/combustion/reduce-combustion-air-flow-to-optimum",
    "text": "Reduce combustion air flow to optimum",
    "question_type": "radio",
    "default_metric": 1,
    "avg_energy_saving": "* * *",
    "capital_cost": "$$",
    "payback_period": "0-1.8 (0.3)",
    "business_value": 1,
    "environmental_value": 1,
    "implementation_ease": 2,
    "profitability": 1,
    "avg_value": 1
  },
  "model": "envconnect.Consumption", "pk": 6
},
{
  "fields": {
    "campaign": 1,
    "question": 6,
    "rank": 4
  },
  "model": "survey.EnumeratedQuestions", "pk": 4
},
{
  "fields": {
    "title": "Construction",
    "slug": "construction",
    "tag": "{\"tags\":[\"industry\",\"pagebreak\",\"public\",\"enabled\"]}",
    "account": 10
  },
  "model": "pages.PageElement", "pk": 28
},
{
  "fields": {
    "title": "Management",
    "slug": "management-construction",
    "account": 10
  },
  "model": "pages.PageElement", "pk": 30
},
{
  "fields": {
    "orig_element": 28,
    "dest_element": 30
  },
  "model": "pages.Relationship", "pk": 28
},
{
  "fields": {
    "title": "Boxes & enclosures",
    "slug": "basic-boxes-and-enclosures",
    "tag": "{\"tags\":[\"basic\"]}",
    "account": 6
  },
  "model": "pages.PageElement", "pk": 31
},
{
  "fields": {
    "title": "A process is in place",
    "slug": "process-in-place",
    "account": 10
  },
  "model": "pages.PageElement", "pk": 32
},
{
  "fields": {
    "orig_element": 30,
    "dest_element": 32
  },
  "model": "pages.Relationship", "pk": 29
},
{
  "fields": {
    "orig_element": 1,
    "dest_element": 31
  },
  "model": "pages.Relationship", "pk": 30
},
{
  "fields": {
    "title": "Management basics",
    "slug": "boxes-and-enclosures-basic-manage",
    "tag": "{\"tags\":[\"management\"]}",
    "account": 6
  },
  "model": "pages.PageElement", "pk": 34
},
{
  "fields": {
    "orig_element": 31,
    "dest_element": 34
  },
  "model": "pages.Relationship", "pk": 31
},
{
  "fields": {
    "title": "Production",
    "slug": "basic-production",
    "account": 6
  },
  "model": "pages.PageElement", "pk": 35
},
{
  "fields": {
    "orig_element": 31,
    "dest_element": 35
  },
  "model": "pages.Relationship", "pk": 32
},
{
  "fields": {
    "title": "Distribution",
    "slug": "boxes-and-enclosures-basic-distribution",
    "account": 6
  },
  "model": "pages.PageElement", "pk": 36
},
{
  "fields": {
    "orig_element": 31,
    "dest_element": 36
  },
  "model": "pages.Relationship", "pk": 33
},
{
  "fields": {
    "title": "End of life",
    "slug": "boxes-and-enclosures-basic-end-of-life",
    "account": 6
  },
  "model": "pages.PageElement", "pk": 37
},
{
  "fields": {
    "orig_element": 31,
    "dest_element": 37
  },
  "model": "pages.Relationship", "pk": 34
},
{
  "fields": {
    "title": "Waste Management",
    "slug": "waste-management",
    "tag": "{\"tags\":[\"pagebreak\",\"scorecard\"]}",
    "account": 6
  },
  "model": "pages.PageElement", "pk": 38
},
{
  "fields": {
    "orig_element": 7,
    "dest_element": 38
  },
  "model": "pages.relationship", "pk": 35
},
{
  "fields": {
    "title": "Green Chemistry",
    "slug": "green-chemistry",
    "tag": "{\"tags\":[\"pagebreak\",\"scorecard\"]}",
    "account": 6
  },
  "model": "pages.PageElement", "pk": 39
},
{
  "fields": {
    "orig_element": 7,
    "dest_element": 39
  },
  "model": "pages.relationship", "pk": 36
},
{
  "fields": {
    "title": "Production BP",
    "slug": "basic-production-bp",
    "account": 6
  },
  "model": "pages.PageElement", "pk": 40
},
{
  "fields": {
    "path": "/basic-boxes-and-enclosures/basic-production/basic-production-bp",
    "text": "Production BP",
    "question_type": "radio",
    "default_metric": 1,
    "avg_fuel_saving": "*",
    "avg_energy_saving": "* * *",
    "capital_cost": "$$$",
    "payback_period": "3-12",
    "business_value": 1,
    "environmental_value": 1,
    "implementation_ease": 1,
    "profitability": 1,
    "avg_value": 1
  },
  "model": "envconnect.Consumption", "pk": 7
},
{
  "fields": {
    "campaign": 1,
    "question": 7,
    "rank": 5
  },
  "model": "survey.EnumeratedQuestions", "pk": 5
},
{
  "fields": {
    "orig_element": 35,
    "dest_element": 40
  },
  "model": "pages.Relationship", "pk": 37
},
{
  "fields": {
    "title": "Hot Water System",
    "slug": "hot-water-system",
    "account": 6
  },
  "model": "pages.PageElement", "pk": 41
},
{
  "fields": {
    "orig_element": 22,
    "dest_element": 41
  },
  "model": "pages.relationship", "pk": 38
},
{
  "fields": {
    "title": "Recover heat from hot waste water",
    "slug": "recover-heat-from-hot-waste-water",
    "account": 6
  },
  "model": "pages.PageElement", "pk": 42
},
{
  "fields": {
    "orig_element": 41,
    "dest_element": 42
  },
  "model": "pages.relationship", "pk": 39
},
{
  "fields": {
    "path": "/metal/boxes-and-enclosures/production/energy-efficiency/process-heating/hot-water-system/recover-heat-from-hot-waste-water",
    "text": "Recover heat from hot waste water",
    "question_type": "radio",
    "default_metric": 1,
    "avg_fuel_saving": "-",
    "avg_energy_saving": "* * * *",
    "capital_cost": "$$",
    "payback_period": "0-1.8 (0.3)",
    "business_value": 2,
    "environmental_value": 1,
    "implementation_ease": 1,
    "profitability": 1,
    "avg_value": 1
  },
  "model": "envconnect.Consumption", "pk": 8
},
{
  "fields": {
    "campaign": 1,
    "question": 8,
    "rank": 6
  },
  "model": "survey.EnumeratedQuestions", "pk": 6
},
{
  "fields": {
    "title": "Reduce hot water temperature to minimum required",
    "slug": "reduce-hot-water-temperature-to-minimum-required",
    "account": 6
  },
  "model": "pages.PageElement", "pk": 43
},
{
  "fields": {
    "orig_element": 41,
    "dest_element": 43
  },
  "model": "pages.relationship", "pk": 40
},
{
  "fields": {
    "path": "/metal/boxes-and-enclosures/production/energy-efficiency/process-heating/hot-water-system/reduce-hot-water-temperature-to-minimum-required",
    "text": "Reduce hot water temperature to minimum required",
    "question_type": "radio",
    "default_metric": 1,
    "avg_fuel_saving": "-",
    "avg_energy_saving": "* * * *",
    "capital_cost": "$$",
    "payback_period": "0-1.8 (0.3)",
    "business_value": 1,
    "environmental_value": 2,
    "implementation_ease": 1,
    "profitability": 1,
    "avg_value": 1
  },
  "model": "envconnect.Consumption", "pk": 9
},
{
  "fields": {
    "campaign": 1,
    "question": 9,
    "rank": 7
  },
  "model": "survey.EnumeratedQuestions", "pk": 7
},
{
  "fields": {
    "title": "Energy",
    "slug": "construction-energy",
    "text": "/envconnect/static/img/lightning.png",
    "account": 6
  },
  "model": "pages.PageElement", "pk": 44
},
{
  "fields": {
    "orig_element": 28,
    "dest_element": 44
  },
  "model": "pages.relationship", "pk": 41
},
{
  "fields": {
    "title": "Transport",
    "slug": "construction-transport",
    "text": "/envconnect/static/img/distribution.png",
    "account": 6
  },
  "model": "pages.PageElement", "pk": 45
},
{
  "fields": {
    "orig_element": 28,
    "dest_element": 45
  },
  "model": "pages.relationship", "pk": 42
},
{
  "fields": {
    "title": "Purchasing",
    "slug": "construction-purchasing",
    "text": "/envconnect/static/img/purchasing.png",
    "account": 6
  },
  "model": "pages.PageElement", "pk": 46
},
{
  "fields": {
    "orig_element": 28,
    "dest_element": 46
  },
  "model": "pages.relationship", "pk": 43
},
{
  "fields": {
    "title": "Other",
    "slug": "construction-other",
    "text": "/envconnect/static/img/etc.png",
    "account": 6
  },
  "model": "pages.PageElement", "pk": 47
},
{
  "fields": {
    "orig_element": 28,
    "dest_element": 47
  },
  "model": "pages.relationship", "pk": 44
},
{
  "fields": {
    "title": "Waste",
    "slug": "construction-waste",
    "text": "/envconnect/static/img/waste.png",
    "account": 6
  },
  "model": "pages.PageElement", "pk": 48
},
{
  "fields": {
    "orig_element": 28,
    "dest_element": 48
  },
  "model": "pages.relationship", "pk": 45
},
{
  "fields": {
    "title": "Water",
    "slug": "construction-water",
    "text": "/envconnect/static/img/water.png",
    "account": 6
  },
  "model": "pages.PageElement", "pk": 49
},
{
  "fields": {
    "orig_element": 28,
    "dest_element": 49
  },
  "model": "pages.relationship", "pk": 46
},
{
  "fields": {
    "title": "Chemicals",
    "slug": "construction-chemicals",
    "text": "/envconnect/static/img/chemicals.png",
    "account": 6
  },
  "model": "pages.PageElement", "pk": 50
},
{
  "fields": {
    "orig_element": 28,
    "dest_element": 50
  },
  "model": "pages.relationship", "pk": 47
},
{
  "fields": {
    "title": "Air Emissions",
    "slug": "construction-air-emissions",
    "text": "/envconnect/static/img/air-emissions.png",
    "account": 6
  },
  "model": "pages.PageElement", "pk": 51
},
{
  "fields": {
    "orig_element": 28,
    "dest_element": 51
  },
  "model": "pages.relationship", "pk": 48
},
{
  "fields": {
    "title": "Professional services",
    "slug": "professional-services",
    "tag": "{\"tags\":[\"industry\",\"pagebreak\",\"public\"]}",
    "account": 6
  },
  "model": "pages.PageElement", "pk": 52
},
{
  "fields": {
    "title": "Waste",
    "slug": "office-waste",
    "text": "/envconnect/static/img/waste.png",
    "account": 6
  },
  "model": "pages.PageElement", "pk": 55
},
{
  "fields": {
    "orig_element": 52,
    "dest_element": 55
  },
  "model": "pages.relationship", "pk": 51
},
{
  "fields": {
    "title": "Water",
    "slug": "office-water",
    "text": "/envconnect/static/img/water.png",
    "account": 6
  },
  "model": "pages.PageElement", "pk": 56
},
{
  "fields": {
    "orig_element": 52,
    "dest_element": 56
  },
  "model": "pages.relationship", "pk": 52
},
{
  "fields": {
    "title": "Electricity",
    "slug": "office-electricity",
    "text": "/envconnect/static/img/lightning.png",
    "account": 6
  },
  "model": "pages.PageElement", "pk": 57
},
{
  "fields": {
    "orig_element": 52,
    "dest_element": 57
  },
  "model": "pages.relationship", "pk": 53
},
{
  "fields": {
    "title": "Purchasing",
    "slug": "office-purchasing",
    "text": "/envconnect/static/img/purchasing.png",
    "account": 6
  },
  "model": "pages.PageElement", "pk": 58
},
{
  "fields": {
    "orig_element": 52,
    "dest_element": 58
  },
  "model": "pages.relationship", "pk": 54
},
{
  "fields": {
    "title": "Transport",
    "slug": "office-transport",
    "text": "/envconnect/static/img/personal-car.png",
    "account": 6
  },
  "model": "pages.PageElement", "pk": 59
},
{
  "fields": {
    "orig_element": 52,
    "dest_element": 59
  },
  "model": "pages.relationship", "pk": 55
},
{
  "fields": {
    "title": "Other",
    "slug": "office-other",
    "text": "/envconnect/static/img/etc.png",
    "account": 6
  },
  "model": "pages.PageElement", "pk": 60
},
{
  "fields": {
    "orig_element": 52,
    "dest_element": 60
  },
  "model": "pages.relationship", "pk": 56
},
{
  "fields": {
    "title": "Packaging",
    "slug": "packaging",
    "tag": "{\"tags\":[\"pagebreak\",\"scorecard\"]}",
    "account": 6
  },
  "model": "pages.PageElement", "pk": 61
},
{
  "fields": {
    "orig_element": 8,
    "dest_element": 61
  },
  "model": "pages.relationship", "pk": 57
},
{
  "fields": {
    "title": "Fleet",
    "slug": "fleet",
    "tag": "{\"tags\":[\"pagebreak\",\"scorecard\"]}",
    "account": 6
  },
  "model": "pages.PageElement", "pk": 62
},
{
  "fields": {
    "orig_element": 8,
    "dest_element": 62
  },
  "model": "pages.relationship", "pk": 58
},
{
  "fields": {
    "title": "Take-back program",
    "slug": "take-back-program",
    "tag": "{\"tags\":[\"pagebreak\",\"scorecard\"]}",
    "account": 6
  },
  "model": "pages.PageElement", "pk": 63
},
{
  "fields": {
    "orig_element": 9,
    "dest_element": 63
  },
  "model": "pages.relationship", "pk": 59
},
{
  "fields": {
    "title": "Recycling",
    "slug": "recycling",
    "tag": "{\"tags\":[\"pagebreak\",\"scorecard\"]}",
    "account": 6
  },
  "model": "pages.PageElement", "pk": 64
},
{
  "fields": {
    "orig_element": 9,
    "dest_element": 64
  },
  "model": "pages.relationship", "pk": 60
},

{
  "fields": {
    "title": "Assessment",
    "slug": "assessment",
    "tag": "",
    "account": 6
  },
  "model": "pages.PageElement", "pk": 65
},
{
  "fields": {
    "orig_element": 4,
    "dest_element": 65
  },
  "model": "pages.Relationship", "pk": 61
},
{
  "fields": {
    "title": "General",
    "slug": "general",
    "tag": "",
    "account": 6
  },
  "model": "pages.PageElement", "pk": 66
},
{
  "fields": {
    "orig_element": 4,
    "dest_element": 66
  },
  "model": "pages.Relationship", "pk": 62
},
{
  "fields": {
    "title": "The assessment process is rigorous and thorough*",
    "slug": "the-assessment-process-is-rigorous",
    "account": 6
  },
  "model": "pages.PageElement", "pk": 67
},
{
  "fields": {
    "path": "/metal/boxes-and-enclosures/management-basics/assessment/the-assessment-process-is-rigorous",
    "text": "The assessment process is rigorous and thorough*",
    "question_type": "radio",
    "default_metric": 1,
    "avg_fuel_saving": "*",
    "avg_energy_saving": "* * *",
    "capital_cost": "$$$",
    "payback_period": "3-12",
    "business_value": 1,
    "environmental_value": 1,
    "implementation_ease": 1,
    "profitability": 1,
    "avg_value": 1
  },
  "model": "envconnect.Consumption", "pk": 10
},
{
  "fields": {
    "campaign": 1,
    "question": 10,
    "rank": 8
  },
  "model": "survey.EnumeratedQuestions", "pk": 8
},
{
  "fields": {
    "orig_element": 65,
    "dest_element": 67
  },
  "model": "pages.Relationship", "pk": 63
},
{
  "fields": {
    "title": "Report externally, on an annual basis, on program elements, key environmental issues and goals, challenges, and continual improvement efforts.",
    "slug": "report-externally",
    "account": 6
  },
  "model": "pages.PageElement", "pk": 68
},
{
  "fields": {
    "path": "/metal/boxes-and-enclosures/management-basics/general/report-externally",
    "text": "The assessment process is rigorous and thorough*",
    "question_type": "radio",
    "default_metric": 1,
    "avg_fuel_saving": "*",
    "avg_energy_saving": "* * *",
    "capital_cost": "$$$",
    "payback_period": "3-12",
    "business_value": 1,
    "environmental_value": 1,
    "implementation_ease": 1,
    "profitability": 1,
    "avg_value": 1
  },
  "model": "envconnect.Consumption", "pk": 12
},
{
  "fields": {
    "campaign": 1,
    "question": 12,
    "rank": 9
  },
  "model": "survey.EnumeratedQuestions", "pk": 9
},
{
  "fields": {
    "path": "/construction/management-construction/process-in-place",
    "text": "A Process is in place",
    "question_type": "radio",
    "default_metric": 1,
    "avg_energy_saving": "* * *",
    "capital_cost": "$$$",
    "payback_period": "3-12",
    "business_value": 1,
    "environmental_value": 1,
    "implementation_ease": 1,
    "profitability": 1,
    "avg_value": 1
  },
  "model": "envconnect.Consumption", "pk": 13
},
{
  "fields": {
    "campaign": 1,
    "question": 13,
    "rank": 10
  },
  "model": "survey.EnumeratedQuestions", "pk": 10
},
{
  "fields": {
    "orig_element": 66,
    "dest_element": 68
  },
  "model": "pages.Relationship", "pk": 64
},
{
  "fields": {
    "slug": "aaaabbbbccccddddeeeeffff00001111",
    "created_at":  "2016-05-01T00:36:19.448Z",
    "survey": 1,
    "account": 6,
    "time_spent": "0:00:00",
    "is_frozen": true
  },
  "model": "survey.sample", "pk": 1
},
{
  "fields": {
    "slug": "0e4586c916eb494b90f9ff0a3698234e",
    "created_at":  "2016-05-01T00:36:19.448Z",
    "survey": 1,
    "account": 8,
    "time_spent": "0:00:00",
    "is_frozen": true
  },
  "model": "survey.sample", "pk": 2
},
{
  "fields": {
    "created_at": "2016-05-01T00:36:19.448Z",
    "question": 7,
    "metric": 1,
    "sample": 2,
    "measured": 2,
    "collected_by": 8,
    "rank": 7
  },
  "model": "survey.answer", "pk": 1
},

{
  "fields": {
    "slug": "0e4586c916eb494b90f9ff0a3698234f",
    "created_at": "2016-07-15T00:35:26.565Z",
    "survey": 1,
    "account": 8,
    "time_spent": "0:00:00",
    "is_frozen": false
  },
  "model": "survey.sample", "pk": 3
},
{
  "fields": {
    "created_at": "2016-07-15T00:35:38.945Z",
    "question": 8,
    "metric": 1,
    "sample": 3,
    "measured": 1,
    "collected_by": 8,
    "rank": 8
  },
  "model": "survey.answer", "pk": 2
},
{
  "fields": {
    "created_at": "2016-07-15T00:35:42.110Z",
    "question": 9,
    "metric": 1,
    "sample": 3,
    "measured": 2,
    "collected_by": 8,
    "rank": 9
  },
  "model": "survey.answer", "pk": 3
},
{
  "fields": {
    "created_at": "2016-07-15T00:35:55.915Z",
    "question": 1,
    "metric": 1,
    "sample": 3,
    "measured": 1,
    "collected_by": 8,
    "rank": 1
  },
  "model": "survey.answer", "pk": 4
},
{
  "fields": {
    "created_at": "2016-07-15T00:36:16.558Z",
    "question": 3,
    "metric": 1,
    "sample": 3,
    "measured": 1,
    "collected_by": 8,
    "rank": 3
  },
  "model": "survey.answer", "pk": 6
},
{
  "fields": {
    "created_at": "2016-07-15T00:36:18.464Z",
    "question": 6,
    "metric": 1,
    "sample": 3,
    "measured": 4,
    "collected_by": 8,
    "rank": 6
  },
  "model": "survey.answer", "pk": 8
},
{
  "fields": {
    "created_at": "2016-07-15T00:36:19.448Z",
    "question": 7,
    "metric": 1,
    "sample": 3,
    "measured": 1,
    "collected_by": 8,
    "rank": 7
  },
  "model": "survey.answer", "pk": 9
},

{
  "fields": {
    "slug": "f1e2e916eb494b90f9ff0a36982340",
    "created_at": "2016-07-15T00:35:26.565Z",
    "survey": 1,
    "account": 7,
    "time_spent": "0:00:00",
    "is_frozen": true
  },
  "model": "survey.sample", "pk": 4
},
{
  "fields": {
    "created_at": "2016-05-01T00:36:19.448Z",
    "question": 7,
    "metric": 2,
    "sample": 4,
    "measured": 2,
    "denominator": 4,
    "collected_by": 7,
    "rank": 7
  },
  "model": "survey.answer", "pk": 11
},
{
  "fields": {
    "created_at": "2016-07-15T00:35:38.945Z",
    "question": 8,
    "metric": 2,
    "sample": 4,
    "measured": 1,
    "denominator": 2,
    "collected_by": 7,
    "rank": 8
  },
  "model": "survey.answer", "pk": 12
},
{
  "fields": {
    "created_at": "2016-07-15T00:35:42.110Z",
    "question": 9,
    "metric": 2,
    "sample": 4,
    "measured": 2,
    "denominator": 2,
    "collected_by": 7,
    "rank": 9
  },
  "model": "survey.answer", "pk": 13
},
{
  "fields": {
    "created_at": "2016-07-15T00:35:55.915Z",
    "question": 1,
    "metric": 2,
    "sample": 4,
    "measured": 1,
    "denominator": 3,
    "collected_by": 7,
    "rank": 1
  },
  "model": "survey.answer", "pk": 14
},
{
  "fields": {
    "created_at": "2016-07-15T00:36:16.558Z",
    "question": 3,
    "metric": 2,
    "sample": 4,
    "measured": 1,
    "denominator": 4,
    "collected_by": 7,
    "rank": 3
  },
  "model": "survey.answer", "pk": 16
},
{
  "fields": {
    "created_at": "2016-07-15T00:36:18.464Z",
    "question": 6,
    "metric": 2,
    "sample": 4,
    "measured": 4,
    "denominator": 4,
    "collected_by": 7,
    "rank": 6
  },
  "model": "survey.answer", "pk": 18
},
{
  "fields": {
    "created_at": "2016-07-15T00:36:18.464Z",
    "question": 12,
    "metric": 1,
    "sample": 4,
    "measured": 1,
    "denominator": 1,
    "collected_by": 7,
    "rank": 9
  },
  "model": "survey.answer", "pk": 19
},

{
  "fields": {
    "slug": "f1e2e916eb494b90f9ff0a36982341",
    "created_at": "2017-01-01T00:00:00.000Z",
    "survey": 1,
    "account": 7,
    "time_spent": "0:00:00",
    "is_frozen": true
  },
  "model": "survey.sample", "pk": 5
},
{
  "fields": {
    "created_at": "2017-01-01T00:00:00.000Z",
    "question": 12,
    "metric": 1,
    "sample": 5,
    "measured": 1,
    "denominator": 1,
    "collected_by": 7,
    "rank": 9
  },
  "model": "survey.answer", "pk": 30
},
{
  "fields": {
    "created_at": "2017-01-01T00:00:00.000Z",
    "question": 1,
    "metric": 1,
    "sample": 5,
    "measured": 5,
    "denominator": 6,
    "collected_by": 7,
    "rank": 7
  },
  "model": "survey.answer", "pk": 40
},
{
  "fields": {
    "created_at": "2017-01-01T00:00:00.000Z",
    "question": 7,
    "metric": 2,
    "sample": 5,
    "measured": 5,
    "denominator": 6,
    "collected_by": 7,
    "rank": 7
  },
  "model": "survey.answer", "pk": 41
},
{
  "fields": {
    "created_at": "2017-01-01T00:00:00.000Z",
    "question": 8,
    "metric": 2,
    "sample": 5,
    "measured": 4,
    "denominator": 4,
    "collected_by": 7,
    "rank": 8
  },
  "model": "survey.answer", "pk": 42
},
{
  "fields": {
    "created_at": "2017-01-01T00:00:00.000Z",
    "question": 9,
    "metric": 2,
    "sample": 5,
    "measured": 3,
    "denominator": 4,
    "collected_by": 7,
    "rank": 9
  },
  "model": "survey.answer", "pk": 43
},
{
  "fields": {
    "created_at": "2017-01-01T00:00:00.000Z",
    "question": 1,
    "metric": 2,
    "sample": 5,
    "measured": 4,
    "denominator": 4,
    "collected_by": 7,
    "rank": 1
  },
  "model": "survey.answer", "pk": 44
},
{
  "fields": {
    "created_at": "2017-01-01T00:00:00.000Z",
    "question": 3,
    "metric": 2,
    "sample": 5,
    "measured": 3,
    "denominator": 4,
    "collected_by": 7,
    "rank": 3
  },
  "model": "survey.answer", "pk": 46
},
{
  "fields": {
    "created_at": "2017-01-01T00:00:00.000Z",
    "question": 6,
    "metric": 2,
    "sample": 5,
    "measured": 4,
    "denominator": 4,
    "collected_by": 7,
    "rank": 6
  },
  "model": "survey.answer", "pk": 48
},
{
  "fields": {
    "created_at": "2017-01-01T00:00:00.000Z",
    "question": 6,
    "metric": 7,
    "sample": 5,
    "measured": 100,
    "denominator": 1,
    "collected_by": 7,
    "rank": 7
  },
  "model": "survey.answer", "pk": 49
},
{
  "fields": {
    "created_at": "2017-01-01T00:00:00.000Z",
    "question": 6,
    "metric": 6,
    "sample": 5,
    "measured": 1000000,
    "unit_id": 5,
    "denominator": 1,
    "collected_by": 7,
    "rank": 7
  },
  "model": "survey.answer", "pk": 50
},

{
  "fields": {
    "slug": "f1e2e916eb494b90f9ff0a36982342",
    "created_at": "2017-01-01T00:00:00.001Z",
    "survey": 1,
    "account": 7,
    "time_spent": "0:00:00",
    "is_frozen": false
  },
  "model": "survey.sample", "pk": 6
},
{
  "fields": {
    "created_at": "2016-05-01T00:36:19.448Z",
    "question": 7,
    "metric": 1,
    "sample": 6,
    "measured": 2,
    "collected_by": 7,
    "rank": 7
  },
  "model": "survey.answer", "pk": 60
},


{
  "fields": {
    "slug": "f1e2e916eb494b90f9ff0a36982343",
    "created_at": "2017-01-01T00:00:00.001Z",
    "survey": 1,
    "account": 7,
    "time_spent": "0:00:00",
    "is_frozen": true,
    "extra": "is_planned"
  },
  "model": "survey.sample", "pk": 7
},
{
  "fields": {
    "created_at": "2017-01-01T00:00:00.001Z",
    "question": 1,
    "metric": 1,
    "sample": 7,
    "measured": 3,
    "collected_by": 7,
    "rank": 7
  },
  "model": "survey.answer", "pk": 61
},

{
  "fields": {
    "slug": "totals",
    "title": "Total score",
    "tags": "metric"
  },
  "model": "survey.editablefilter", "pk": 1
},
{
  "fields": {
    "slug": "energy-utility-suppliers",
    "title": "Energy Utility suppliers",
    "tags": "cohort, aggregate"
  },
  "model": "survey.editablefilter", "pk": 2
},
{
  "fields": {
    "rank": 0,
    "editable_filter": 2,
    "operator": "contains",
    "operand": "Energy Utility",
    "field": "extra",
    "selector": "keepmatching"
  },
  "model": "survey.editablepredicate", "pk": 2
},
{
  "fields": {
    "slug": "us-suppliers",
    "title": "US suppliers",
    "tags": "cohort, aggregate"
  },
  "model": "survey.editablefilter", "pk": 3
},
{
  "fields": {
    "rank": 0,
    "editable_filter": 3,
    "operator": "equals",
    "operand": "US",
    "field": "country",
    "selector": "keepmatching"
  },
  "model": "survey.editablepredicate", "pk": 3
},
{
  "fields": {
    "slug": "management-basics",
    "title": "Management basics (Boxes and enclosures)",
    "tags": "metric"
  },
  "model": "survey.editablefilter", "pk": 4
},
{
  "fields": {
    "rank": 0,
    "editable_filter": 4,
    "operator": "startsWith",
    "operand": "/metal/boxes-and-enclosures/management-basics/",
    "field": "path",
    "selector": "keepmatching"
  },
  "model": "survey.editablepredicate", "pk": 4
},
{
  "fields": {
    "slug": "design",
    "title": "Design (Boxes and enclosures)",
    "tags": "metric"
  },
  "model": "survey.editablefilter", "pk": 5
},
{
  "fields": {
    "rank": 0,
    "editable_filter": 5,
    "operator": "startsWith",
    "operand": "/metal/boxes-and-enclosures/design/",
    "field": "path",
    "selector": "keepmatching"
  },
  "model": "survey.editablepredicate", "pk": 5
},
{
  "fields": {
    "slug": "energy-efficiency",
    "title": "Production / Energy efficiency (Boxes and enclosures)",
    "tags": "metric"
  },
  "model": "survey.editablefilter", "pk": 6
},
{
  "fields": {
    "rank": 0,
    "editable_filter": 6,
    "operator": "startsWith",
    "operand": "/metal/boxes-and-enclosures/production/energy-efficiency/",
    "field": "path",
    "selector": "keepmatching"
  },
  "model": "survey.editablepredicate", "pk": 6
},
{
  "fields": {
    "slug": "waste-management",
    "title": "Production / Waste management (Boxes and enclosures)",
    "tags": "metric"
  },
  "model": "survey.editablefilter", "pk": 7
},
{
  "fields": {
    "rank": 0,
    "editable_filter": 7,
    "operator": "startsWith",
    "operand": "/metal/boxes-and-enclosures/production/waste-management/",
    "field": "path",
    "selector": "keepmatching"
  },
  "model": "survey.editablepredicate", "pk": 7
},
{
  "fields": {
    "slug": "green-chemistry",
    "title": "Production / Green chemistry (Boxes and enclosures)",
    "tags": "metric"
  },
  "model": "survey.editablefilter", "pk": 8
},
{
  "fields": {
    "rank": 0,
    "editable_filter": 8,
    "operator": "startsWith",
    "operand": "/metal/boxes-and-enclosures/production/green-chemistry/",
    "field": "path",
    "selector": "keepmatching"
  },
  "model": "survey.editablepredicate", "pk": 8
},
{
  "fields": {
    "slug": "packaging",
    "title": "Distribution / Packaging (Boxes and enclosures)",
    "tags": "metric"
  },
  "model": "survey.editablefilter", "pk": 9
},
{
  "fields": {
    "rank": 0,
    "editable_filter": 9,
    "operator": "startsWith",
    "operand": "/metal/boxes-and-enclosures/boxes-distribution/packaging/",
    "field": "path",
    "selector": "keepmatching"
  },
  "model": "survey.editablepredicate", "pk": 9
},
{
  "fields": {
    "slug": "fleet",
    "title": "Distribution / Fleet (Boxes and enclosures)",
    "tags": "metric"
  },
  "model": "survey.editablefilter", "pk": 10
},
{
  "fields": {
    "rank": 0,
    "editable_filter": 10,
    "operator": "startsWith",
    "operand": "/metal/boxes-and-enclosures/boxes-distribution/fleet/",
    "field": "path",
    "selector": "keepmatching"
  },
  "model": "survey.editablepredicate", "pk": 10
},
{
  "fields": {
    "slug": "take-back-program",
    "title": "End of life / Take back program (Boxes and enclosures)",
    "tags": "metric"
  },
  "model": "survey.editablefilter", "pk": 11
},
{
  "fields": {
    "rank": 0,
    "editable_filter": 11,
    "operator": "startsWith",
    "operand": "/metal/boxes-and-enclosures/boxes-distribution/take-back-program/",
    "field": "path",
    "selector": "keepmatching"
  },
  "model": "survey.editablepredicate", "pk": 11
},
{
  "fields": {
    "slug": "recycling",
    "title": "End of life / Take back program (Boxes and enclosures)",
    "tags": "metric"
  },
  "model": "survey.editablefilter", "pk": 12
},
{
  "fields": {
    "rank": 0,
    "editable_filter": 12,
    "operator": "startsWith",
    "operand": "/metal/boxes-and-enclosures/boxes-distribution/recycling/",
    "field": "path",
    "selector": "keepmatching"
  },
  "model": "survey.editablepredicate", "pk": 12
},
{
  "fields": {
    "slug": "boxes-and-enclosures-1",
    "title": "Boxes & enclosures",
    "tags": "cohort"
  },
  "model": "survey.editablefilter", "pk": 13
},
{
  "fields": {
    "rank": 0,
    "editable_filter": 13,
    "operator": "contains",
    "operand": "boxes-and-enclosures",
    "field": "extra",
    "selector": "keepmatching"
  },
  "model": "survey.editablepredicate", "pk": 13
},
{
  "fields": {
    "slug": "construction",
    "title": "Construction",
    "tags": "cohort"
  },
  "model": "survey.editablefilter", "pk": 14
},
{
  "fields": {
    "rank": 0,
    "editable_filter": 14,
    "operator": "contains",
    "operand": "construction",
    "field": "extra",
    "selector": "keepmatching"
  },
  "model": "survey.editablepredicate", "pk": 14
},
{
  "fields": {
    "slug": "totals",
    "account": 6,
    "title": "Average scores by supplier industry sub-sector",
    "metric": 1,
    "cohorts": [13, 14, 2, 3]
  },
  "model": "survey.matrix", "pk": 1
},
{
  "fields": {
    "slug": "energy-utility-totals",
    "account": 10,
    "title": "Average scores by supplier industry sub-sector",
    "metric": 1,
    "cut": 3,
    "cohorts": [13, 14, 2, 3]
  },
  "model": "survey.matrix", "pk": 2
},
{
   "fields": {
    "slug": "boxes-and-enclosures",
    "title": "Boxes and enclosures scores by suppliers",
    "account": 6,
    "metric": 15,
    "cut": 13,
    "cohorts": [2, 3]
  },
  "model": "survey.matrix", "pk": 5
},
{
  "fields": {
    "slug": "boxes-and-enclosures",
    "title": "Boxes and enclosures",
    "tags": "metric"
  },
  "model": "survey.editablefilter", "pk": 15
},
{
  "fields": {
    "rank": 0,
    "editable_filter": 15,
    "operator": "startsWith",
    "operand": "/metal/boxes-and-enclosures/",
    "field": "path",
    "selector": "keepmatching"
  },
  "model": "survey.editablepredicate", "pk": 15
},
{
  "fields": {
    "title": "Wire & cable",
    "slug": "wire-and-cable",
    "tag": "{\"tags\":[\"industry\",\"pagebreak\",\"public\",\"scorecard\",\"legend-2\",\"enabled\"]}",
    "account": 6
  },
  "model": "pages.PageElement", "pk": 76
},
{
  "fields": {
    "title": "Design",
    "slug": "wc-design",
    "text": "/envconnect/static/img/design.png",
    "account": 6
  },
  "model": "pages.PageElement", "pk": 78
},
{
  "fields": {
    "orig_element": 76,
    "dest_element": 78
  },
  "model": "pages.Relationship", "pk": 66
},
{
  "fields": {
    "orig_element": 76,
    "dest_element": 7
  },
  "model": "pages.Relationship", "pk": 67
},
{
  "fields": {
    "title": "Design categories",
    "slug": "design-categories",
    "account": 6
  },
  "model": "pages.PageElement", "pk": 79
},
{
  "fields": {
    "orig_element": 78,
    "dest_element": 79
  },
  "model": "pages.relationship", "pk": 68
},
{
  "fields": {
    "orig_element": 79,
    "dest_element": 10
  },
  "model": "pages.Relationship", "pk": 69
},
{
  "fields": {
    "orig_element": 3,
    "dest_element": 1
  },
  "model": "pages.Relationship", "pk": 70
},
{
  "fields": {
    "orig_element": 3,
    "dest_element": 76
  },
  "model": "pages.Relationship", "pk": 73
},
{
  "fields": {
    "path": "/metal/wire-and-cable/wc-design/design-categories/product-design",
    "text": "Product Design",
    "question_type": "radio",
    "default_metric": 1,
    "avg_energy_saving": "* * *",
    "capital_cost": "$$$",
    "payback_period": "3-12",
    "business_value": 1,
    "environmental_value": 1,
    "implementation_ease": 1,
    "profitability": 1,
    "avg_value": 1
  },
  "model": "envconnect.Consumption", "pk": 15
},
{
  "fields": {
    "campaign": 1,
    "question": 15,
    "rank": 11
  },
  "model": "survey.EnumeratedQuestions", "pk": 11
}
]
