[
{ "fields": {
    "slug": "assessment",
    "title": "Assessment",
    "system": 3
  },
  "model" : "survey.unit", "pk" : 1
},
{ "fields": {
    "slug": "points",
    "title": "Points",
    "system": 2
  },
  "model" : "survey.unit", "pk" : 2
},
{ "fields": {
    "slug": "freetext",
    "title": "Free text",
    "system": 4
  },
  "model" : "survey.unit", "pk" : 3
},
{ "fields": {
    "slug": "yes-no",
    "title": "Yes/No",
    "system": 3
  },
  "model" : "survey.unit", "pk" : 4
},
{ "fields": {
    "slug": "kwh",
    "title": "Kilowatt-hour (kWh)",
    "system": 0
  },
  "model" : "survey.unit", "pk" : 5
},
{ "fields": {
    "slug": "tons",
    "title": "Metric Tons",
    "system": 0
  },
  "model" : "survey.unit", "pk" : 6
},
{ "fields": {
    "slug": "gallons",
    "title": "US Gallons",
    "system": 1
  },
  "model" : "survey.unit", "pk" : 7
},
{ "fields": {
    "unit": 1,
    "rank": 1,
    "text": "Yes",
    "descr": "The practice is implemented across all activities/services/products/offices/ facilities to which it could apply."
  },
  "model" : "survey.choice", "pk" : 1
},
{ "fields": {
    "unit": 1,
    "rank": 2,
    "text": "Mostly yes",
    "descr": "The practice is implemented across roughly 50% OR MORE of the activities/services/products/offices/ facilities to which it could apply."
  },
  "model" : "survey.choice", "pk" : 2
},
{ "fields": {
    "unit": 1,
    "rank": 3,
    "text": "Mostly no",
    "descr": "The practice is implemented across roughly 50% OR LESS of the activities/services/products/offices/ facilities to which it could apply."
  },
  "model" : "survey.choice", "pk" : 3
},
{ "fields": {
    "unit": 1,
    "rank": 4,
    "text": "No",
    "descr": "The practice is implemented across negligible to no activities/services/products/offices/ facilities to which it could apply."
  },
  "model" : "survey.choice", "pk" : 4
},
{ "fields": {
    "unit": 1,
    "rank": 5,
    "text": "Not applicable",
    "descr": "The practice is not applicable to the organization, or the organization has no influence or control over its implementation."
  },
  "model" : "survey.choice", "pk" : 5
},
{ "fields": {
    "unit": 4,
    "rank": 1,
    "text": "Yes",
    "descr": "Yes"
  },
  "model" : "survey.choice", "pk" : 6
},
{ "fields": {
    "unit": 4,
    "rank": 1,
    "text": "No",
    "descr": "No"
  },
  "model" : "survey.choice", "pk" : 7
},
{ "fields": {
    "slug": "framework",
    "title": "Framework",
    "system": 3
  },
  "model" : "survey.unit", "pk" : 8
},
{ "fields": {
    "unit": 8,
    "rank": 1,
    "text": "Initiating"
  },
  "model" : "survey.choice", "pk" : 8
},
{ "fields": {
    "unit": 8,
    "rank": 2,
    "text": "Progressing"
  },
  "model" : "survey.choice", "pk" : 9
},
{ "fields": {
    "unit": 8,
    "rank": 3,
    "text": "Optimizing"
  },
  "model" : "survey.choice", "pk" : 10
},
{ "fields": {
    "unit": 8,
    "rank": 4,
    "text": "Leading"
  },
  "model" : "survey.choice", "pk" : 11
},
{ "fields": {
    "unit": 8,
    "rank": 5,
    "text": "Transforming"
  },
  "model" : "survey.choice", "pk" : 12
},
{ "fields": {
    "unit": 8,
    "rank": 6,
    "text": "Do not know"
  },
  "model" : "survey.choice", "pk" : 13
},
{ "fields" : {
    "slug" : "sustainability",
    "title" : "Sustainability",
    "created_at": "2022-01-01",
    "description" : "Assessment of practices around sustainability",
    "account": 2,
    "active": true,
    "extra": "{\"visibility\":[\"public\"],\"highlights\":[{\"includes\":[\"formalized-esg-strategy\"],\"picture\":\"static/img/other.png\",\"text\":\"formalized targets\"}, {\"includes\":[\"report-internally\",\"report-externally\"],\"picture\":\"static/img/data-metrics.png\",\"text\":\"tracking sustainability metrics\"}, {\"includes\":[\"energy-publicly-reported\",\"ghg-emissions-publicly-reported\",\"water-publicly-reported\",\"waste-publicly-reported\"],\"picture\":\"static/img/lighting.png\",\"text\":\"reporting data publicly\"}, {\"includes\":[\"energy-3rd-party-verified\",\"ghg-emissions-3rd-party-verified\",\"water-3rd-party-verified\",\"waste-3rd-party-verified\"],\"picture\":\"static/img/lighting.png\",\"text\":\"data metrics third-party verified\"}]}"
  },
  "model" : "survey.campaign", "pk" : 1
},
{ "fields" : {
    "slug" : "framework",
    "title" : "Cybersecurity framework",
    "created_at": "2022-01-01",
    "description" : "Assessment of practices around cybersecurity",
    "account" : 3,
    "active": true,
    "extra": "{\"visibility\":[\"tier1-members\"]}"
  },
  "model" : "survey.campaign", "pk" : 2
},
{
  "fields": {
    "title": "Core Environmental, Social and Governance Assessment",
    "slug": "sustainability",
    "extra": "{\"pagebreak\":true,\"visibility\":[\"public\"]}",
    "account": 2
  },
  "model": "pages.PageElement", "pk": 1
},
{
  "fields": {
    "title": "Governance & management",
    "slug": "governance-management",
    "picture": "/static/img/management-basics.png",
    "account": 2
  },
  "model": "pages.PageElement", "pk": 2
},
{
  "fields": {
    "orig_element": 1, "dest_element": 2
  },
  "model": "pages.RelationShip", "pk": 1
},
{
  "fields": {
    "title": "Responsability and Authority",
    "slug": "responsability-authority",
    "account": 2
  },
  "model": "pages.PageElement", "pk": 3
},
{
  "fields": {
    "orig_element": 2, "dest_element": 3,
    "rank": 1
  },
  "model": "pages.RelationShip", "pk": 2
},
{
  "fields": {
    "title": "Has your company assigned formal responsibility for directing and overseeing ESG performance to top/executive management, and designatied a point person(s) responsible for implementing requirements and commitments.",
    "slug": "assign-formal-authority",
    "picture": "/static/img/management-basics.png",
    "account": 2
  },
  "model": "pages.PageElement", "pk": 4
},
{
  "fields": {
    "orig_element": 3, "dest_element": 4
  },
  "model": "pages.RelationShip", "pk": 3
},
{
  "fields": {
    "title": "Environmental Policy",
    "slug": "environmental-policy",
    "account": 2
  },
  "model": "pages.PageElement", "pk": 5
},
{
  "fields": {
    "orig_element": 2, "dest_element": 5,
    "rank": 2
  },
  "model": "pages.RelationShip", "pk": 4
},
{
  "fields": {
    "title": "Have formalized ESG strategy and targets that: Define a future vision of ESG performance, Are clear, actionable, and acheivable, Are resourced effectively, Address material issues for the business",
    "slug": "formalized-esg-strategy",
    "picture": "/static/img/management-basics.png",
    "account": 2
  },
  "model": "pages.PageElement", "pk": 6
},
{
  "fields": {
    "orig_element": 5, "dest_element": 6
  },
  "model": "pages.RelationShip", "pk": 5
},
{
  "fields": {
    "title": "Does your organization have an Employee Code of Conduct in place?",
    "slug": "employee-code-of-conduct",
    "picture": "/static/img/management-basics.png",
    "account": 2
  },
  "model": "pages.PageElement", "pk": 7
},
{
  "fields": {
    "orig_element": 5, "dest_element": 7
  },
  "model": "pages.RelationShip", "pk": 6
},
{
  "fields": {
    "title": "Does your organization have a Supplier Code of Conduct in place?",
    "slug": "supplier-code-of-conduct",
    "picture": "/static/img/management-basics.png",
    "account": 2
  },
  "model": "pages.PageElement", "pk": 8
},
{
  "fields": {
    "orig_element": 5, "dest_element": 8
  },
  "model": "pages.RelationShip", "pk": 7
},
{
  "fields": {
    "title": "Report on the following KPIs related to sustainable procurement...",
    "slug": "report-sustainable-procurement",
    "picture": "/static/img/management-basics.png",
    "account": 2
  },
  "model": "pages.PageElement", "pk": 9
},
{
  "fields": {
    "orig_element": 5, "dest_element": 9
  },
  "model": "pages.RelationShip", "pk": 8
},


{
  "fields": {
    "title": "Environmental Reporting",
    "slug": "environmental-reporting",
    "account": 2
  },
  "model": "pages.PageElement", "pk": 10
},
{
  "fields": {
    "orig_element": 2, "dest_element": 10,
    "rank": 4
  },
  "model": "pages.RelationShip", "pk": 9
},
{
  "fields": {
    "title": "Report internally, including to top management, on strategy: key ESG issues (revealed by materiality analysis), risk and crisis mitigation, progress toward goals, and plans/needs to address shortfalls.",
    "slug": "report-internally",
    "picture": "/static/img/management-basics.png",
    "account": 2
  },
  "model": "pages.PageElement", "pk": 11
},
{
  "fields": {
    "orig_element": 10, "dest_element": 11
  },
  "model": "pages.RelationShip", "pk": 10
},
{
  "fields": {
    "title": "Report externally on strategy: program elements, key ESG issues and goals, challenges, and continual improvement efforts in accordance with a reputable reporting standard (e.g. GRI, SASB).",
    "slug": "report-externally",
    "picture": "/static/img/management-basics.png",
    "account": 2
  },
  "model": "pages.PageElement", "pk": 12
},
{
  "fields": {
    "orig_element": 10, "dest_element": 12
  },
  "model": "pages.RelationShip", "pk": 11
},
{
  "fields": {
    "title": "Have ESG strategy and reports, targets, and KPIs periodically validated by an independent third party.",
    "slug": "report-3rd-party-verified",
    "picture": "/static/img/management-basics.png",
    "account": 2
  },
  "model": "pages.PageElement", "pk": 13
},
{
  "fields": {
    "orig_element": 10, "dest_element": 13
  },
  "model": "pages.RelationShip", "pk": 12
},
{
  "fields": {
    "title": "Has your organization had any significant ESG fines/ penalties (e.g. > USD $10,000, class action lawsuits, repeated breaches of Codes of Conduct) in the past five years?",
    "slug": "environmental-fines",
    "picture": "/static/img/management-basics.png",
    "account": 2
  },
  "model": "pages.PageElement", "pk": 14
},
{
  "fields": {
    "orig_element": 10, "dest_element": 14
  },
  "model": "pages.RelationShip", "pk": 13
},
{
  "fields": {
    "title": "Where is information about these incidents publicly available?",
    "slug": "environmental-fines-publicly-reported",
    "picture": "/static/img/management-basics.png",
    "account": 2
  },
  "model": "pages.PageElement", "pk": 15
},
{
  "fields": {
    "orig_element": 10, "dest_element": 15
  },
  "model": "pages.RelationShip", "pk": 14
},
{
  "fields": {
    "title": "Management System Rigor",
    "slug": "management-system-rigor",
    "account": 2
  },
  "model": "pages.PageElement", "pk": 16
},
{
  "fields": {
    "orig_element": 10, "dest_element": 16,
    "rank": 3
  },
  "model": "pages.RelationShip", "pk": 15
},

{
  "fields": {
    "title": "Conduct a systematic, rigorous assessment to identify and prioritize material ESG impacts, issues and opportunities.",
    "slug": "systematic-rigorous-assessment",
    "picture": "/static/img/management-basics.png",
    "account": 2
  },
  "model": "pages.PageElement", "pk": 17
},
{
  "fields": {
    "orig_element": 10, "dest_element": 17
  },
  "model": "pages.RelationShip", "pk": 16
},
{
  "fields": {
    "title": "Have job-specific responsibilities for implementing controls, etc. actively in place from management to applicable individual contributors.",
    "slug": "job-specific-responsibilities",
    "picture": "/static/img/management-basics.png",
    "account": 2
  },
  "model": "pages.PageElement", "pk": 18
},
{
  "fields": {
    "orig_element": 10, "dest_element": 18
  },
  "model": "pages.RelationShip", "pk": 17
},
{
  "fields": {
    "title": "Implement an environmental management system that conforms with a recognized international (e.g. ISO 14001) or local standard and indicate the coverage of the standard in your business and or facilities.",
    "slug": "implement-environmental-management",
    "picture": "/static/img/management-basics.png",
    "account": 2
  },
  "model": "pages.PageElement", "pk": 19
},
{
  "fields": {
    "orig_element": 10, "dest_element": 19
  },
  "model": "pages.RelationShip", "pk": 18
},
{
  "fields": {
    "title": "Have the system certified to a recognized local or international standard.",
    "slug": "system-certified",
    "picture": "/static/img/management-basics.png",
    "account": 2
  },
  "model": "pages.PageElement", "pk": 20
},
{
  "fields": {
    "orig_element": 10, "dest_element": 20
  },
  "model": "pages.RelationShip", "pk": 19
},
{
  "fields": {
    "title": "Have the system periodically audited internally and by an independent third party.",
    "slug": "system-periodically-audited",
    "picture": "/static/img/management-basics.png",
    "account": 2
  },
  "model": "pages.PageElement", "pk": 21
},
{
  "fields": {
    "orig_element": 10, "dest_element": 21
  },
  "model": "pages.RelationShip", "pk": 20
},
{
  "fields": {
    "title": "Is there any conflict minerals (tin, tantalum, tungsten, or gold) remaining in the product that your company manufactures, subcontracts, or sells? If so, has your company published a due diligence report or formal policy on conflict minerals?",
    "slug": "conflict-minerals",
    "picture": "/static/img/data-metrics.png",
    "account": 2
  },
  "model": "pages.PageElement", "pk": 23
},
{
  "fields": {
    "orig_element": 5, "dest_element": 23,
    "rank": 2
  },
  "model": "pages.RelationShip", "pk": 21
},
{
  "fields": {
    "title": "Is your company sourcing from any high risk regions (e.g. DRC, Xinjiang, etc.)?",
    "slug": "high-risk-regions-sourcing",
    "picture": "/static/img/data-metrics.png",
    "account": 2
  },
  "model": "pages.PageElement", "pk": 24
},
{
  "fields": {
    "orig_element": 5, "dest_element": 24,
    "rank": 2
  },
  "model": "pages.RelationShip", "pk": 22
},
{
  "fields": {
    "title": "Has your company implemented a monitoring and investigation system to ensure conformity with local laws, ILO requirements, and your Codes of Conduct?",
    "slug": "conformity-monitoring",
    "picture": "/static/img/data-metrics.png",
    "account": 2
  },
  "model": "pages.PageElement", "pk": 25
},
{
  "fields": {
    "orig_element": 5, "dest_element": 25,
    "rank": 2
  },
  "model": "pages.RelationShip", "pk": 23
},
{
  "fields": {
    "title": "Promotion of worker health",
    "slug": "worker-health",
    "account": 2
  },
  "model": "pages.PageElement", "pk": 26
},
{
  "fields": {
    "orig_element": 2, "dest_element": 26,
    "rank": 5
  },
  "model": "pages.RelationShip", "pk": 24
},


{
  "fields": {
    "title": "Does your company report Key Performance Indicators (KPIs) on Employee Health & Safety?",
    "slug": "kpi-employee-health-safety",
    "picture": "/static/img/data-metrics.png",
    "account": 2
  },
  "model": "pages.PageElement", "pk": 27
},
{
  "fields": {
    "orig_element": 24, "dest_element": 27,
    "rank": 2
  },
  "model": "pages.RelationShip", "pk": 25
},
{
  "fields": {
    "title": "Does your company report Key Performance Indicators (KPIs) on Working Conditions?",
    "slug": "kpi-work-conditions",
    "picture": "/static/img/data-metrics.png",
    "account": 2
  },
  "model": "pages.PageElement", "pk": 28
},
{
  "fields": {
    "orig_element": 24, "dest_element": 28,
    "rank": 2
  },
  "model": "pages.RelationShip", "pk": 26
},
{
  "fields": {
    "title": "Does your company report Key Performance Indicators (KPIs) on Career Management & Training?",
    "slug": "kpi-career-management-training",
    "picture": "/static/img/data-metrics.png",
    "account": 2
  },
  "model": "pages.PageElement", "pk": 29
},
{
  "fields": {
    "orig_element": 24, "dest_element": 29,
    "rank": 2
  },
  "model": "pages.RelationShip", "pk": 27
},
{
  "fields": {
    "title": "Does your company report Key Performance Indicators (KPIs) on Diversity, Discrimination & Harassment?",
    "slug": "kpi-diversity-discrimination-harassment",
    "picture": "/static/img/data-metrics.png",
    "account": 2
  },
  "model": "pages.PageElement", "pk": 30
},
{
  "fields": {
    "orig_element": 24, "dest_element": 30,
    "rank": 2
  },
  "model": "pages.RelationShip", "pk": 28
},
{
  "fields": {
    "title": "Does your company report Key Performance Indicators (KPIs) on Recordable Incident Rate?",
    "slug": "kpi-recordable-incident-rate",
    "picture": "/static/img/data-metrics.png",
    "account": 2
  },
  "model": "pages.PageElement", "pk": 31
},
{
  "fields": {
    "orig_element": 24, "dest_element": 31,
    "rank": 2
  },
  "model": "pages.RelationShip", "pk": 29
},
{
  "fields": {
    "title": "Does your company report Key Performance Indicators (KPIs) on Lost-time Case Rate?",
    "slug": "kpi-lost-time-case-rate",
    "picture": "/static/img/data-metrics.png",
    "account": 2
  },
  "model": "pages.PageElement", "pk": 32
},
{
  "fields": {
    "orig_element": 24, "dest_element": 32,
    "rank": 2
  },
  "model": "pages.RelationShip", "pk": 30
},
{
  "fields": {
    "title": "Does your company report Key Performance Indicators (KPIs) on Days Away, Restricted, and Transfer (DART) Rate?",
    "slug": "kpi-dart-rate",
    "picture": "/static/img/data-metrics.png",
    "account": 2
  },
  "model": "pages.PageElement", "pk": 33
},
{
  "fields": {
    "orig_element": 24, "dest_element": 33,
    "rank": 2
  },
  "model": "pages.RelationShip", "pk": 32
},
{
  "fields": {
    "title": "Does your company report Key Performance Indicators (KPIs) on Work-related Fatalities?",
    "slug": "kpi-work-related-fatalities",
    "picture": "/static/img/data-metrics.png",
    "account": 2
  },
  "model": "pages.PageElement", "pk": 34
},
{
  "fields": {
    "orig_element": 24, "dest_element": 34,
    "rank": 2
  },
  "model": "pages.RelationShip", "pk": 33
},
{
  "fields": {
    "title": "Data & metrics",
    "slug": "data-metrics",
    "picture": "/static/img/data-metrics.png",
    "extra": "{\"tags\":[\"metrics\",\"tilebreak\"]}",
    "account": 2
  },
  "model": "pages.PageElement", "pk": 35
},
{
  "fields": {
    "orig_element": 2, "dest_element": 35,
    "rank": 2
  },
  "model": "pages.RelationShip", "pk": 34
},


{
  "fields": {
    "title": "Energy",
    "slug": "energy-measured",
    "account": 2
  },
  "model": "pages.PageElement", "pk": 36
},
{
  "fields": {
    "orig_element": 35, "dest_element": 36,
    "rank": 1
  },
  "model": "pages.RelationShip", "pk": 35
},
{
  "fields": {
    "title": "Energy consumed",
    "slug": "energy-consumed",
    "picture": "/static/img/data-metrics.png",
    "account": 2
  },
  "model": "pages.PageElement", "pk": 37
},
{
  "fields": {
    "orig_element": 36, "dest_element": 37,
    "rank": 2
  },
  "model": "pages.RelationShip", "pk": 36
},
{
  "fields": {
    "title": "Energy Performance Publicly Reported",
    "slug": "energy-publicly-reported",
    "picture": "/static/img/data-metrics.png",
    "account": 2
  },
  "model": "pages.PageElement", "pk": 38
},
{
  "fields": {
    "orig_element": 36, "dest_element": 38,
    "rank": 2
  },
  "model": "pages.RelationShip", "pk": 37
},
{
  "fields": {
    "title": "Energy Data Third Party Verified",
    "slug": "energy-3rd-party-verified",
    "picture": "/static/img/data-metrics.png",
    "account": 2
  },
  "model": "pages.PageElement", "pk": 39
},
{
  "fields": {
    "orig_element": 36, "dest_element": 39,
    "rank": 2
  },
  "model": "pages.RelationShip", "pk": 39
},
{
  "fields": {
    "title": "GHG Emissions",
    "slug": "ghg-emissions-measured",
    "account": 2
  },
  "model": "pages.PageElement", "pk": 40
},
{
  "fields": {
    "orig_element": 35, "dest_element": 40,
    "rank": 2
  },
  "model": "pages.RelationShip", "pk": 40
},
{
  "fields": {
    "title": "Total Scope 1 GHG Emissions",
    "slug": "ghg-emissions-scope1",
    "picture": "/static/img/data-metrics.png",
    "account": 2
  },
  "model": "pages.PageElement", "pk": 41
},
{
  "fields": {
    "orig_element": 40, "dest_element": 41,
    "rank": 2
  },
  "model": "pages.RelationShip", "pk": 41
},
{
  "fields": {
    "title": "Total scope 2 GHG Emissions",
    "slug": "ghg-emissions-scope2",
    "picture": "/static/img/data-metrics.png",
    "account": 2
  },
  "model": "pages.PageElement", "pk": 42
},
{
  "fields": {
    "orig_element": 40, "dest_element": 42,
    "rank": 2
  },
  "model": "pages.RelationShip", "pk": 42
},
{
  "fields": {
    "title": "Total scope 3 GHG Emissions",
    "slug": "ghg-emissions-scope3",
    "picture": "/static/img/data-metrics.png",
    "account": 2
  },
  "model": "pages.PageElement", "pk": 43
},
{
  "fields": {
    "orig_element": 40, "dest_element": 43,
    "rank": 2
  },
  "model": "pages.RelationShip", "pk": 43
},
{
  "fields": {
    "title": "GHG Emissions Performance Publicly Reported",
    "slug": "ghg-emissions-publicly-reported",
    "picture": "/static/img/data-metrics.png",
    "account": 2
  },
  "model": "pages.PageElement", "pk": 44
},
{
  "fields": {
    "orig_element": 40, "dest_element": 44,
    "rank": 2
  },
  "model": "pages.RelationShip", "pk": 44
},
{
  "fields": {
    "title": "GHG Emissions Data Third Party Verified",
    "slug": "ghg-emissions-3rd-party-verified",
    "picture": "/static/img/data-metrics.png",
    "account": 2
  },
  "model": "pages.PageElement", "pk": 45
},
{
  "fields": {
    "orig_element": 40, "dest_element": 45,
    "rank": 2
  },
  "model": "pages.RelationShip", "pk": 45
},

{
  "fields": {
    "title": "Water",
    "slug": "water-measured",
    "account": 2
  },
  "model": "pages.PageElement", "pk": 46
},
{
  "fields": {
    "orig_element": 40, "dest_element": 46,
    "rank": 3
  },
  "model": "pages.RelationShip", "pk": 46
},
{
  "fields": {
    "title": "Total Water withdrawn",
    "slug": "water-withdrawn",
    "picture": "/static/img/data-metrics.png",
    "account": 2
  },
  "model": "pages.PageElement", "pk": 47
},
{
  "fields": {
    "orig_element": 40, "dest_element": 47,
    "rank": 2
  },
  "model": "pages.RelationShip", "pk": 47
},
{
  "fields": {
    "title": "Total Water discharged",
    "slug": "water-discharged",
    "picture": "/static/img/data-metrics.png",
    "account": 2
  },
  "model": "pages.PageElement", "pk": 48
},
{
  "fields": {
    "orig_element": 47, "dest_element": 48,
    "rank": 2
  },
  "model": "pages.RelationShip", "pk": 48
},
{
  "fields": {
    "title": "Total Water recycled and reused",
    "slug": "water-recycled",
    "picture": "/static/img/data-metrics.png",
    "account": 2
  },
  "model": "pages.PageElement", "pk": 49
},
{
  "fields": {
    "orig_element": 47, "dest_element": 49,
    "rank": 2
  },
  "model": "pages.RelationShip", "pk": 49
},
{
  "fields": {
    "title": "Water Performance Publicly Reported",
    "slug": "water-publicly-reported",
    "picture": "/static/img/data-metrics.png",
    "account": 2
  },
  "model": "pages.PageElement", "pk": 50
},
{
  "fields": {
    "orig_element": 47, "dest_element": 50,
    "rank": 2
  },
  "model": "pages.RelationShip", "pk": 50
},
{
  "fields": {
    "title": "Water Data Third Party Verified",
    "slug": "water-3rd-party-verified",
    "picture": "/static/img/data-metrics.png",
    "account": 2
  },
  "model": "pages.PageElement", "pk": 51
},
{
  "fields": {
    "orig_element": 47, "dest_element": 51,
    "rank": 2
  },
  "model": "pages.RelationShip", "pk": 51
},

{
  "fields": {
    "title": "Waste",
    "slug": "waste-measured",
    "account": 2
  },
  "model": "pages.PageElement", "pk": 53
},
{
  "fields": {
    "orig_element": 33, "dest_element": 53,
    "rank": 4
  },
  "model": "pages.RelationShip", "pk": 52
},
{
  "fields": {
    "title": "Total Hazardous Waste",
    "slug": "waste-hazardous",
    "picture": "/static/img/data-metrics.png",
    "account": 2
  },
  "model": "pages.PageElement", "pk": 54
},
{
  "fields": {
    "orig_element": 53, "dest_element": 54,
    "rank": 2
  },
  "model": "pages.RelationShip", "pk": 53
},
{
  "fields": {
    "title": "Total Non-Hazardous Waste",
    "slug": "waste-non-hazardous",
    "picture": "/static/img/data-metrics.png",
    "account": 2
  },
  "model": "pages.PageElement", "pk": 55
},
{
  "fields": {
    "orig_element": 53, "dest_element": 55,
    "rank": 2
  },
  "model": "pages.RelationShip", "pk": 54
},
{
  "fields": {
    "title": "Total Waste Recycled",
    "slug": "waste-recycled",
    "picture": "/static/img/data-metrics.png",
    "account": 2
  },
  "model": "pages.PageElement", "pk": 56
},
{
  "fields": {
    "orig_element": 53, "dest_element": 56,
    "rank": 2
  },
  "model": "pages.RelationShip", "pk": 55
},
{
  "fields": {
    "title": "Waste Performance Publicly Reported",
    "slug": "waste-publicly-reported",
    "picture": "/static/img/data-metrics.png",
    "account": 2
  },
  "model": "pages.PageElement", "pk": 57
},
{
  "fields": {
    "orig_element": 53, "dest_element": 57,
    "rank": 2
  },
  "model": "pages.RelationShip", "pk": 56
},
{
  "fields": {
    "title": "Waste Data Third Party Verified",
    "slug": "waste-3rd-party-verified",
    "picture": "/static/img/data-metrics.png",
    "account": 2
  },
  "model": "pages.PageElement", "pk": 58
},
{
  "fields": {
    "orig_element": 53, "dest_element": 58,
    "rank": 2
  },
  "model": "pages.RelationShip", "pk": 57
},
{
  "fields": {
    "title": "General information",
    "slug": "general-information",
    "account": 2
  },
  "model": "pages.PageElement", "pk": 59
},
{
  "fields": {
    "orig_element": 33, "dest_element": 59,
    "rank": 5
  },
  "model": "pages.RelationShip", "pk": 59
},
{
  "fields": {
    "title": "Organization's Annual Gross Revenue",
    "slug": "gross-revenue",
    "picture": "/static/img/data-metrics.png",
    "account": 2
  },
  "model": "pages.PageElement", "pk": 60
},
{
  "fields": {
    "orig_element": 59, "dest_element": 60,
    "rank": 1
  },
  "model": "pages.RelationShip", "pk": 60
},
{
  "fields": {
    "title": "Full-time employee count",
    "slug": "employee-count",
    "picture": "/static/img/data-metrics.png",
    "account": 2
  },
  "model": "pages.PageElement", "pk": 61
},
{
  "fields": {
    "orig_element": 59, "dest_element": 61,
    "rank": 2
  },
  "model": "pages.RelationShip", "pk": 61
},

{
  "fields": {
    "title": "Targets",
    "slug": "targets",
    "picture": "/static/img/data-metrics.png",
    "extra": "{\"tags\":[\"metrics\"]}",
    "account": 2
  },
  "model": "pages.PageElement", "pk": 62
},
{
  "fields": {
    "orig_element": 1, "dest_element": 62,
    "rank": 2
  },
  "model": "pages.RelationShip", "pk": 62
},
{
  "fields": {
    "title": "Energy",
    "slug": "energy-target",
    "extra": "{\"tags\":[\"metrics\"]}",
    "account": 2
  },
  "model": "pages.PageElement", "pk": 63
},
{
  "fields": {
    "orig_element": 62, "dest_element": 63,
    "rank": 1
  },
  "model": "pages.RelationShip", "pk": 63
},
{
  "fields": {
    "title": "Energy Target By",
    "slug": "energy-target-by",
    "picture": "/static/img/data-metrics.png",
    "account": 2
  },
  "model": "pages.PageElement", "pk": 64
},
{
  "fields": {
    "orig_element": 63, "dest_element": 64,
    "rank": 1
  },
  "model": "pages.RelationShip", "pk": 64
},
{
  "fields": {
    "title": "Energy Target Comments",
    "slug": "energy-target-comments",
    "picture": "/static/img/data-metrics.png",
    "account": 2
  },
  "model": "pages.PageElement", "pk": 65
},
{
  "fields": {
    "orig_element": 63, "dest_element": 65,
    "rank": 1
  },
  "model": "pages.RelationShip", "pk": 65
},
{
  "fields": {
    "title": "GHG Emissions",
    "slug": "ghg-emissions-target",
    "account": 2
  },
  "model": "pages.PageElement", "pk": 66
},
{
  "fields": {
    "orig_element": 62, "dest_element": 66,
    "rank": 2
  },
  "model": "pages.RelationShip", "pk": 66
},
{
  "fields": {
    "title": "GHG Emissions Target By",
    "slug": "ghg-emissions-target-by",
    "picture": "/static/img/data-metrics.png",
    "account": 2
  },
  "model": "pages.PageElement", "pk": 67
},
{
  "fields": {
    "orig_element": 66, "dest_element": 67,
    "rank": 2
  },
  "model": "pages.RelationShip", "pk": 67
},
{
  "fields": {
    "title": "GHG Emissions Target Comments",
    "slug": "ghg-emissions-target-comments",
    "picture": "/static/img/data-metrics.png",
    "account": 2
  },
  "model": "pages.PageElement", "pk": 68
},
{
  "fields": {
    "orig_element": 66, "dest_element": 68,
    "rank": 2
  },
  "model": "pages.RelationShip", "pk": 68
},
{
  "fields": {
    "title": "Water",
    "slug": "water-target",
    "account": 2
  },
  "model": "pages.PageElement", "pk": 69
},
{
  "fields": {
    "orig_element": 62, "dest_element": 69,
    "rank": 3
  },
  "model": "pages.RelationShip", "pk": 69
},
{
  "fields": {
    "title": "Water Target By",
    "slug": "water-target-by",
    "picture": "/static/img/data-metrics.png",
    "account": 2
  },
  "model": "pages.PageElement", "pk": 70
},
{
  "fields": {
    "orig_element": 69, "dest_element": 70,
    "rank": 3
  },
  "model": "pages.RelationShip", "pk": 70
},
{
  "fields": {
    "title": "Water Target Comments",
    "slug": "water-target-comments",
    "picture": "/static/img/data-metrics.png",
    "account": 2
  },
  "model": "pages.PageElement", "pk": 71
},
{
  "fields": {
    "orig_element": 69, "dest_element": 71,
    "rank": 3
  },
  "model": "pages.RelationShip", "pk": 71
},
{
  "fields": {
    "title": "Waste",
    "slug": "waste-target",
    "account": 2
  },
  "model": "pages.PageElement", "pk": 72
},
{
  "fields": {
    "orig_element": 62, "dest_element": 72,
    "rank": 4
  },
  "model": "pages.RelationShip", "pk": 72
},
{
  "fields": {
    "title": "Waste Target By",
    "slug": "waste-target-by",
    "picture": "/static/img/data-metrics.png",
    "account": 2
  },
  "model": "pages.PageElement", "pk": 73
},
{
  "fields": {
    "orig_element": 72, "dest_element": 73,
    "rank": 4
  },
  "model": "pages.RelationShip", "pk": 73
},
{
  "fields": {
    "title": "Waste Target Comments",
    "slug": "waste-target-comments",
    "picture": "/static/img/data-metrics.png",
    "account": 2
  },
  "model": "pages.PageElement", "pk": 74
},
{
  "fields": {
    "orig_element": 72, "dest_element": 74,
    "rank": 4
  },
  "model": "pages.RelationShip", "pk": 74
},

{
  "fields": {
    "title": "Metal structures & equipment",
    "slug": "metal",
    "extra": "{\"visibility\":[\"public\"]}",
    "account": 2
  },
  "model": "pages.PageElement", "pk": 100
},
{
  "fields": {
    "title": "Boxes & enclosures",
    "slug": "boxes-and-enclosures",
    "extra": "{\"searchable\":true,\"visibility\":[\"public\"],\"pagebreak\":true,\"layouts\":[\"sustainability\"]}",
    "account": 2
  },
  "model": "pages.PageElement", "pk": 101
},
{
  "fields": {
    "orig_element": 100, "dest_element": 101
  },
  "model": "pages.RelationShip", "pk": 100
},

{
  "fields": {
    "title": "Production",
    "slug": "production",
    "picture": "/static/img/production.png",
    "extra": "{\"searchable\":true,\"visibility\":[\"public\"]}",
    "account": 2
  },
  "model": "pages.PageElement", "pk": 102
},
{
  "fields": {
    "orig_element": 101, "dest_element": 102,
    "rank": 4
  },
  "model": "pages.RelationShip", "pk": 101
},
{
  "fields": {
    "title": "Energy Efficiency",
    "slug": "energy-efficiency",
    "extra": "{\"searchable\":true,\"visibility\":[\"public\"],\"pagebreak\":true}",
    "account": 2
  },
  "model": "pages.PageElement", "pk": 103
},
{
  "fields": {
    "orig_element": 102, "dest_element": 103,
    "rank": 4
  },
  "model": "pages.RelationShip", "pk": 102
},
{
  "fields": {
    "title": "Process heating",
    "slug": "process-heating",
    "extra": "{\"searchable\":true,\"visibility\":[\"public\"]}",
    "account": 2
  },
  "model": "pages.PageElement", "pk": 104
},
{
  "fields": {
    "orig_element": 103, "dest_element": 104
  },
  "model": "pages.RelationShip", "pk": 103
},
{
  "fields": {
    "title": "Combustion",
    "slug": "combustion",
    "extra": "{\"searchable\":true,\"visibility\":[\"public\"]}",
    "account": 2
  },
  "model": "pages.PageElement", "pk": 105
},
{
  "fields": {
    "orig_element": 104, "dest_element": 105
  },
  "model": "pages.RelationShip", "pk": 104
},
{
  "fields": {
    "title": "Adjust air/fuel ratio",
    "slug": "adjust-air-fuel-ratio",
    "extra": "{\"searchable\":true,\"visibility\":[\"public\"],\"tags\":[\"Energy & Emissions\"]}",
    "account": 2,
    "text": "<h2>Background</h2><p>Some manufacturing processes may involve heating operations.</p>"
  },
  "model": "pages.PageElement", "pk": 106
},
{
  "fields": {
    "orig_element": 105, "dest_element": 106
  },
  "model": "pages.RelationShip", "pk": 105
},
{
  "fields": {
    "title": "Utility procurement",
    "slug": "procurement",
    "extra": "{\"searchable\":true,\"visibility\":[\"tier1-members\"],\"pagebreak\":true}",
    "account": 3
  },
  "model": "pages.PageElement", "pk": 200
},
{
  "fields": {
    "orig_element": 200, "dest_element": 102,
    "rank": 4
  },
  "model": "pages.RelationShip", "pk": 200
},
{
  "fields": {
    "title": "Cybersecurity framework",
    "slug": "framework",
    "extra": "{\"visibility\":[\"tier1-members\"],\"pagebreak\":true}",
    "account": 3
  },
  "model": "pages.PageElement", "pk": 300
},
{
  "fields": {
    "title": "Governance & management",
    "slug": "framework-governance",
    "picture": "/static/img/management-basics.png",
    "account": 2
  },
  "model": "pages.PageElement", "pk": 301
},
{
  "fields": {
    "orig_element": 300, "dest_element": 301,
    "rank": 1
  },
  "model": "pages.RelationShip", "pk": 300
},
{
  "fields": {
    "title": "Responsability and Authority",
    "slug": "framework-responsability-authority",
    "account": 2
  },
  "model": "pages.PageElement", "pk": 302
},
{
  "fields": {
    "orig_element": 301, "dest_element": 302,
    "rank": 1
  },
  "model": "pages.RelationShip", "pk": 302
},
{
  "fields": {
    "title": "Has your company assigned formal responsibility for directing and overseeing ESG performance to top/executive management, and designatied a point person(s) responsible for implementing requirements and commitments.",
    "slug": "framework-assign-formal-authority",
    "picture": "/static/img/management-basics.png",
    "account": 2
  },
  "model": "pages.PageElement", "pk": 303
},
{
  "fields": {
    "orig_element": 302, "dest_element": 303
  },
  "model": "pages.RelationShip", "pk": 303
},
{
  "fields": {
    "title": "Report internally, including to top management, on strategy: key ESG issues (revealed by materiality analysis), risk and crisis mitigation, progress toward goals, and plans/needs to address shortfalls.",
    "slug": "framework-report-internally",
    "picture": "/static/img/management-basics.png",
    "account": 2
  },
  "model": "pages.PageElement", "pk": 304
},
{
  "fields": {
    "orig_element": 302, "dest_element": 304
  },
  "model": "pages.RelationShip", "pk": 304
},
{
  "fields": {
    "title": "Additional information",
    "slug": "framework-additional",
    "account": 2
  },
  "model": "pages.PageElement", "pk": 310
},
{
  "fields": {
    "orig_element": 300, "dest_element": 310,
    "rank": 2
  },
  "model": "pages.RelationShip", "pk": 310
},
{
  "fields": {
    "title": "What are your primary concerns for the next year?",
    "slug": "framework-concerns",
    "account": 2
  },
  "model": "pages.PageElement", "pk": 311
},
{
  "fields": {
    "orig_element": 310, "dest_element": 311
  },
  "model": "pages.RelationShip", "pk": 311
},


{
  "fields": {
    "title": "Alliance Tier1 Member Knowledge Base",
    "slug": "tier1-members",
    "extra": "{\"searchable\":true,\"visibility\":[\"tier1-members\"]}",
    "account": 3
  },
  "model": "pages.PageElement", "pk": 400
},
{
  "fields": {
    "title": "Alliance Tier2 Member Knowledge Base",
    "slug": "tier2-members",
    "extra": "{\"searchable\":true,\"visibility\":[\"tier2-members\"]}",
    "account": 3
  },
  "model": "pages.PageElement", "pk": 500
},

{
  "fields": {
    "slug": "aaaabbbbccccddddeeeeffff00001111",
    "created_at":  "2021-11-11T00:00:00.000Z",
    "updated_at":  "2021-11-11T00:00:00.000Z",
    "campaign": 1,
    "account": 2,
    "is_frozen": true
  },
  "model": "survey.sample", "pk": 1
}
]
