[
{
  "fields": {
    "slug": "usd",
    "title": "USD",
    "system": 2
  },
  "model": "survey.unit", "pk": 191
},
{
  "fields": {
    "slug": "million-usd",
    "title": "Million USD",
    "system": 2
  },
  "model": "survey.unit", "pk": 192
},
{
  "fields": {
    "slug": "eur",
    "title": "EUR",
    "system": 2
  },
  "model": "survey.unit", "pk": 193
},
{
  "fields": {
    "slug": "million-eur",
    "title": "Million EUR",
    "system": 2
  },
  "model": "survey.unit", "pk": 194
},
{
  "fields": {
    "source": 191,
    "target": 192
  },
  "model": "survey.unitequivalences", "pk": 500
},
{
  "fields": {
    "source": 191,
    "target": 193
  },
  "model": "survey.unitequivalences", "pk": 501
},
{
  "fields": {
    "source": 191,
    "target": 194
  },
  "model": "survey.unitequivalences", "pk": 502
},
{
  "fields": {
    "source": 192,
    "target": 193
  },
  "model": "survey.unitequivalences", "pk": 503
},
{
  "fields": {
    "source": 192,
    "target": 194
  },
  "model": "survey.unitequivalences", "pk": 504
},
{
  "fields": {
    "source": 193,
    "target": 192
  },
  "model": "survey.unitequivalences", "pk": 505
},
{
  "fields": {
    "source": 193,
    "target": 194
  },
  "model": "survey.unitequivalences", "pk": 506
},
{
  "fields": {
    "source": 194,
    "target": 192
  },
  "model": "survey.unitequivalences", "pk": 507
},
{
  "fields": {
    "source": 194,
    "target": 193
  },
  "model": "survey.unitequivalences", "pk": 508
},


{ "fields": {
    "slug": "starts-at",
    "title": "Starts at",
    "system": 5
  },
  "model" : "survey.unit", "pk": 195
},
{ "fields": {
    "slug": "ends-at",
    "title": "Ends at",
    "system": 5
  },
  "model" : "survey.unit", "pk": 196
},
{
  "fields": {
    "slug": "percentage",
    "title": "Percentage",
    "system": 2
  },
  "model": "survey.unit", "pk": 197
},
{
  "fields": {
    "slug": "person",
    "title": "Person",
    "system": 2
  },
  "model": "survey.unit", "pk": 198
},
{ "fields": {
    "slug": "freetext",
    "title": "Free text",
    "system": 4
  },
  "model" : "survey.unit", "pk": 199
},
{ "fields": {
    "slug": "assessment",
    "title": "Assessment",
    "system": 3
  },
  "model" : "survey.unit", "pk": 200
},
{ "fields": {
    "unit": 200,
    "rank": 1,
    "text": "Yes",
    "descr": "The practice is implemented across all activities/services/products/offices/ facilities to which it could apply."
  },
  "model" : "survey.choice", "pk": 1
},
{ "fields": {
    "unit": 200,
    "rank": 2,
    "text": "Mostly yes",
    "descr": "The practice is implemented across roughly 50% OR MORE of the activities/services/products/offices/ facilities to which it could apply."
  },
  "model" : "survey.choice", "pk": 2
},
{ "fields": {
    "unit": 200,
    "rank": 3,
    "text": "Mostly no",
    "descr": "The practice is implemented across roughly 50% OR LESS of the activities/services/products/offices/ facilities to which it could apply."
  },
  "model" : "survey.choice", "pk": 3
},
{ "fields": {
    "unit": 200,
    "rank": 4,
    "text": "No",
    "descr": "The practice is implemented across negligible to no activities/services/products/offices/ facilities to which it could apply."
  },
  "model" : "survey.choice", "pk": 4
},
{ "fields": {
    "unit": 200,
    "rank": 5,
    "text": "Not applicable",
    "descr": "The practice is not applicable to the organization, or the organization has no influence or control over its implementation."
  },
  "model" : "survey.choice", "pk": 5
},
{ "fields": {
    "slug": "points",
    "title": "Points",
    "system": 2
  },
  "model" : "survey.unit", "pk": 201
},
{ "fields": {
    "slug": "yes-no",
    "title": "Yes/No",
    "system": 3
  },
  "model" : "survey.unit", "pk": 202
},
{ "fields": {
    "unit": 202,
    "rank": 1,
    "text": "Yes",
    "descr": "Yes"
  },
  "model" : "survey.choice", "pk": 6
},
{ "fields": {
    "unit": 202,
    "rank": 1,
    "text": "No",
    "descr": "No"
  },
  "model" : "survey.choice", "pk": 7
},
{ "fields": {
    "slug": "framework",
    "title": "Framework",
    "system": 3
  },
  "model" : "survey.unit", "pk": 203
},
{ "fields": {
    "unit": 203,
    "rank": 0,
    "text": "Not addressed",
    "descr": "Not yet considered"
  },
  "model" : "survey.choice", "pk": 10
},
{ "fields": {
    "unit": 203,
    "rank": 1,
    "text": "Initiating"
  },
  "model" : "survey.choice", "pk": 11
},
{ "fields": {
    "unit": 203,
    "rank": 2,
    "text": "Progressing"
  },
  "model" : "survey.choice", "pk": 12
},
{ "fields": {
    "unit": 203,
    "rank": 3,
    "text": "Optimizing"
  },
  "model" : "survey.choice", "pk": 13
},
{ "fields": {
    "unit": 203,
    "rank": 4,
    "text": "Leading"
  },
  "model" : "survey.choice", "pk": 14
},
{ "fields": {
    "unit": 203,
    "rank": 5,
    "text": "Transforming"
  },
  "model" : "survey.choice", "pk": 15
},

{ "fields": {
    "slug": "target-type",
    "title": "Target type",
    "system": 3
  },
  "model" : "survey.unit", "pk": 204
},
{ "fields": {
    "unit": 204,
    "rank": 1,
    "text": "Science-based"
  },
  "model" : "survey.choice", "pk": 16
},
{ "fields": {
    "unit": 204,
    "rank": 2,
    "text": "Net Zero"
  },
  "model" : "survey.choice", "pk": 17
},
{ "fields": {
    "unit": 204,
    "rank": 3,
    "text": "Other"
  },
  "model" : "survey.choice", "pk": 18
},
{ "fields": {
    "slug": "verifiability",
    "title": "Verifiability",
    "system": 3
  },
  "model" : "survey.unit", "pk": 205
},
{ "fields": {
    "unit": 205,
    "rank": 1,
    "text": "No Response",
    "descr": ""
  },
  "model" : "survey.choice", "pk": 19
},
{ "fields": {
    "unit": 205,
    "rank": 2,
    "text": "Self-reported No",
    "descr": ""
  },
  "model" : "survey.choice", "pk": 20
},
{ "fields": {
    "unit": 205,
    "rank": 4,
    "text": "Self-reported Yes > Unverifiable",
    "descr": ""
  },
  "model" : "survey.choice", "pk": 22
},
{ "fields": {
    "unit": 205,
    "rank": 5,
    "text": "Self-reported Yes > Verifiable",
    "descr": ""
  },
  "model" : "survey.choice", "pk": 23
},
{
  "fields": {
    "slug": "naics",
    "title": "NAICS code",
    "system": 3
  },
  "model": "survey.unit", "pk": 206
},
{ "fields": {
    "unit": 206,
    "rank": 1,
    "text": "[11] Agriculture, Forestry, Fishing and Hunting",
    "descr": ""
  },
  "model" : "survey.choice", "pk": 24
},
{ "fields": {
    "unit": 206,
    "rank": 2,
    "text": "[21] Mining, Quarrying, and Oil and Gas Extraction",
    "descr": ""
  },
  "model" : "survey.choice", "pk": 25
},
{ "fields": {
    "unit": 206,
    "rank": 3,
    "text": "[22] Utilities",
    "descr": ""
  },
  "model" : "survey.choice", "pk": 26
},
{ "fields": {
    "unit": 206,
    "rank": 4,
    "text": "[23] Construction",
    "descr": ""
  },
  "model" : "survey.choice", "pk": 27
},
{ "fields": {
    "unit": 206,
    "rank": 5,
    "text": "[31-33] Manufacturing",
    "descr": ""
  },
  "model" : "survey.choice", "pk": 28
},
{ "fields": {
    "unit": 206,
    "rank": 6,
    "text": "[42] Wholesale Trade",
    "descr": ""
  },
  "model" : "survey.choice", "pk": 29
},
{ "fields": {
    "unit": 206,
    "rank": 7,
    "text": "[44-45] Retail Trade",
    "descr": ""
  },
  "model" : "survey.choice", "pk": 30
},
{ "fields": {
    "unit": 206,
    "rank": 8,
    "text": "[48-49] Transportation and Warehousing",
    "descr": ""
  },
  "model" : "survey.choice", "pk": 31
},
{ "fields": {
    "unit": 206,
    "rank": 9,
    "text": "[51] Information",
    "descr": ""
  },
  "model" : "survey.choice", "pk": 32
},
{ "fields": {
    "unit": 206,
    "rank": 10,
    "text": "[52] Finance and Insurance",
    "descr": ""
  },
  "model" : "survey.choice", "pk": 33
},
{ "fields": {
    "unit": 206,
    "rank": 11,
    "text": "[53] Real Estate and Rental and Leasing",
    "descr": ""
  },
  "model" : "survey.choice", "pk": 34
},
{ "fields": {
    "unit": 206,
    "rank": 12,
    "text": "[54] Professional, Scientific, and Technical Services",
    "descr": ""
  },
  "model" : "survey.choice", "pk": 35
},
{ "fields": {
    "unit": 206,
    "rank": 13,
    "text": "[55] Management of Companies and Enterprises",
    "descr": ""
  },
  "model" : "survey.choice", "pk": 36
},
{ "fields": {
    "unit": 206,
    "rank": 14,
    "text": "[56] Administrative and Support and Waste Management and Remediation Services",
    "descr": ""
  },
  "model" : "survey.choice", "pk": 37
},
{ "fields": {
    "unit": 206,
    "rank": 15,
    "text": "[61] Educational Services",
    "descr": ""
  },
  "model" : "survey.choice", "pk": 38
},
{ "fields": {
    "unit": 206,
    "rank": 16,
    "text": "[62] Health Care and Social Assistance",
    "descr": ""
  },
  "model" : "survey.choice", "pk": 39
},
{ "fields": {
    "unit": 206,
    "rank": 17,
    "text": "[71] Arts, Entertainment, and Recreation",
    "descr": ""
  },
  "model" : "survey.choice", "pk": 40
},
{ "fields": {
    "unit": 206,
    "rank": 18,
    "text": "[72] Accommodation and Food Services",
    "descr": ""
  },
  "model" : "survey.choice", "pk": 41
},
{ "fields": {
    "unit": 206,
    "rank": 19,
    "text": "[81] Other Services (except Public Administration)",
    "descr": ""
  },
  "model" : "survey.choice", "pk": 42
},
{ "fields": {
    "unit": 206,
    "rank": 20,
    "text": "[92] Public Administration",
    "descr": ""
  },
  "model" : "survey.choice", "pk": 43
},
{
  "fields": {
    "slug": "ai-audit",
    "title": "Information collected by the verifier AI",
    "system": 4
  },
  "model": "survey.unit", "pk": 207
},


{ "fields": {
    "slug": "t-year",
    "title": "Metric Tons in Period",
    "system": 0
  },
  "model" : "survey.unit", "pk": 220
},
{ "fields": {
    "slug": "lbs-year",
    "title": "Pounds in Period",
    "system": 1
  },
  "model" : "survey.unit", "pk": 221
},
{ "fields": {
    "slug": "gallons-year",
    "title": "US Gallons in Period",
    "system": 1
  },
  "model" : "survey.unit", "pk": 222
},
{ "fields": {
    "slug": "kWh-year",
    "title": "Kilowatt-hour (kWh) in Period",
    "system": 0
  },
  "model" : "survey.unit", "pk": 223
},

{ "fields" : {
    "slug" : "sustainability",
    "title" : "ESG/Environmental practices",
    "created_at": "2026-01-01T00:00:00.000Z",
    "description" : "Assess your organization's environmental, social and governance policies against best practices.",
    "account": 2,
    "is_active": true,
    "is_commons": true,
    "extra": "{\"is_planned\":true,\"searchable\":true,\"visibility\":[\"public\"],\"highlights\":[{\"slug\":\"reporting_esg_strategy\",\"includes\":[\"formalized-esg-strategy\"],\"picture\":\"static/img/other.png\",\"text\":\"formalized ESG strategy\"}, {\"slug\":\"reporting_environmental_metrics\",\"includes\":[\"ghg-emissions-scope1\",\"ghg-emissions-scope2\",\"ghg-emissions-scope3\",\"hazardous-waste\",\"non-hazardous-waste\",\"waste-recycled\",\"water-discharged\",\"water-recycled\",\"water-withdrawn\"],\"picture\":\"static/img/data-metrics.png\",\"text\":\"tracking environmental metrics\"}, {\"slug\":\"reporting_publicly\",\"includes\":[\"energy-publicly-reported\",\"ghg-emissions-scope1-publicly-reported\",\"ghg-emissions-scope2-publicly-reported\",\"ghg-emissions-scope3-publicly-reported\",\"water-publicly-reported\",\"waste-publicly-reported\"],\"picture\":\"static/img/lighting.png\",\"text\":\"reporting data publicly\"}, {\"slug\":\"reporting_environmental_targets\",\"includes\":[\"ghg-emissions-scope1-target-by\",\"ghg-emissions-scope2-target-by\",\"ghg-emissions-scope3-target-by\",\"waste-target-by\",\"water-target-by\"],\"picture\":\"static/img/lighting.png\",\"text\":\"communicated environmental targets\"}],\"/sustainability/governance/esg-strategy-heading/formalized-esg-strategy\":10,\"/sustainability/governance/esg-strategy-heading/assign-formal-authority\":4,\"/sustainability/governance/esg-strategy-heading/report-internally\":1,\"/sustainability/governance/esg-strategy-heading/report-externally\":4,\"/sustainability/governance/esg-strategy-heading/report-3rd-party-verified\":4,\"/sustainability/governance/esg-assessment/systematic-rigorous-assessment\":1,\"/sustainability/governance/governance-policies/employee-code-of-conduct\":4,\"/sustainability/governance/governance-policies/supplier-code-of-conduct\":4,\"/sustainability/governance/governance-policies/sourcing-practices\":1,\"/sustainability/governance/governance-policies/sourcing-practices/conflict-minerals-in-products-report\":4,\"/sustainability/governance/governance-policies/sourcing-practices/high-risk-regions-sourcing-products\":4,\"/sustainability/governance/environmental-management-rigor/env-system-in-place\":1,\"/sustainability/governance/environmental-management-rigor/env-system-certified\":4,\"/sustainability/governance/environmental-management-rigor/env-system-audited\":4,\"/sustainability/governance/social-reporting/social-kpis/kpi-diversity-discrimination-harassment\":1,\"/sustainability/governance/social-reporting/social-kpis/kpi-diversity-of-employees\":4,\"/sustainability/governance/social-reporting/social-kpis/kpi-diversity-of-board\":4,\"/sustainability/governance/social-reporting/social-kpis/kpi-recordable-incident-rate\":1,\"/sustainability/governance/social-reporting/social-kpis/kpi-lost-time-case-rate\":4,\"/sustainability/governance/social-reporting/social-kpis/kpi-dart-rate\":4,\"/sustainability/governance/social-reporting/social-kpis/kpi-work-related-fatalities\":4}"
  },
  "model" : "survey.campaign", "pk" : 1
},
{ "fields" : {
    "slug" : "framework",
    "title" : "Cybersecurity framework",
    "created_at": "2026-01-01T00:00:00.000Z",
    "description" : "Assessment of practices around cybersecurity",
    "account" : 3,
    "is_active": true,
    "is_commons": true,
    "extra": "{\"is_planned\":true,\"searchable\":true,\"visibility\":[\"tier1-members\"]}"
  },
  "model" : "survey.campaign", "pk" : 2
},
{ "fields" : {
    "slug" : "sustainability-verified",
    "title" : "Verification of ESG/Environmental practices",
    "created_at": "2026-01-01T00:00:00.000Z",
    "account": 2,
    "extra": ""
  },
  "model" : "survey.campaign", "pk" : 3
},
{
  "fields": {
    "title": "Core Environment, Social and Governance (ESG) Assessment",
    "slug": "sustainability",
    "text_updated_at": "2026-01-01T00:00:00.000Z",
    "extra": "{\"pagebreak\":true,\"tags\":[\"scorecard\",\"assess\"],\"visibility\":[\"public\"]}",
    "account": 2
  },
  "model": "pages.PageElement", "pk": 1
},
{
  "fields": {
    "title": "Environmental/Social Strategy & Governance",
    "slug": "esg-strategy-heading",
    "text_updated_at": "2026-01-01T00:00:00.000Z",
    "picture": "/static/img/management-basics.png",
    "account": 2
  },
  "model": "pages.PageElement", "pk": 2
},
{
  "fields": {
    "rank": 1, "orig_element": 1, "dest_element": 2
  },
  "model": "pages.RelationShip", "pk": 2
},
{
  "fields": {
    "title": "1.1 Does your company have a formalized ESG strategy and performance targets that: 1/ Define a future vision of ESG performance, 2/ Are clear, actionable, and achievable, 3/ Are resourced effectively, 4/ Address material issues for the business?",
    "slug": "formalized-esg-strategy",
    "text_updated_at": "2026-01-01T00:00:00.000Z",
    "picture": "/static/img/management-basics.png",
    "account": 2
  },
  "model": "pages.PageElement", "pk": 4
},
{
  "fields": {
    "rank": 1, "orig_element": 2, "dest_element": 4
  },
  "model": "pages.RelationShip", "pk": 4
},
{
  "fields": {
    "title": "1.2 If yes, Has your company assigned formal responsibility for directing and overseeing ESG performance to top/executive management?",
    "slug": "assign-formal-authority",
    "text_updated_at": "2026-01-01T00:00:00.000Z",
    "picture": "/static/img/management-basics.png",
    "account": 2
  },
  "model": "pages.PageElement", "pk": 5
},
{
  "fields": {
    "orig_element": 2, "dest_element": 5
  },
  "model": "pages.RelationShip", "pk": 5
},
{
  "fields": {
    "title": "1.3 If yes, Has your company designated a point person(s) responsible for implementing strategy and meeting targets?",
    "slug": "assign-point-person",
    "text_updated_at": "2026-01-01T00:00:00.000Z",
    "picture": "/static/img/data-metrics.png",
    "account": 2
  },
  "model": "pages.PageElement", "pk": 134
},
{
  "fields": {
    "orig_element": 2, "dest_element": 134,
    "rank": 2
  },
  "model": "pages.RelationShip", "pk": 134
},
{
  "fields": {
    "title": "1.4 If yes, Does your company report internally, including to top management, on strategy: key ESG issues (revealed by materiality analysis), resiliency, risk, business continuity, progress toward goals, and plans/needs to address gaps towards your targets?",
    "slug": "report-internally",
    "text_updated_at": "2026-01-01T00:00:00.000Z",
    "picture": "/static/img/management-basics.png",
    "account": 2
  },
  "model": "pages.PageElement", "pk": 6
},
{
  "fields": {
    "orig_element": 2, "dest_element": 6
  },
  "model": "pages.RelationShip", "pk": 6
},
{
  "fields": {
    "title": "1.5 If yes, Does your company report externally on strategy: program elements, key ESG issues and goals, challenges, resiliency, and continual improvement efforts in accordance with a reputable reporting standard (e.g. GRI, SASB, TCFD)?",
    "slug": "report-externally",
    "text_updated_at": "2026-01-01T00:00:00.000Z",
    "picture": "/static/img/management-basics.png",
    "account": 2
  },
  "model": "pages.PageElement", "pk": 7
},
{
  "fields": {
    "orig_element": 2, "dest_element": 7
  },
  "model": "pages.RelationShip", "pk": 7
},
{
  "fields": {
    "title": "1.6 If yes, Does your company have ESG strategy and reports, targets, and Key Performance Indicators (KPIs) periodically (every 5 years or sooner) validated by an independent third party?",
    "slug": "report-3rd-party-verified",
    "text_updated_at": "2026-01-01T00:00:00.000Z",
    "picture": "/static/img/management-basics.png",
    "account": 2
  },
  "model": "pages.PageElement", "pk": 8
},
{
  "fields": {
    "orig_element": 2, "dest_element": 8
  },
  "model": "pages.RelationShip", "pk": 8
},
{
  "fields": {
    "title": "1.7 Has your company conducted a systematic, rigorous assessment to identify and prioritize material ESG impacts, issues and opportunities?",
    "slug": "systematic-rigorous-assessment",
    "text_updated_at": "2026-01-01T00:00:00.000Z",
    "picture": "/static/img/management-basics.png",
    "account": 2
  },
  "model": "pages.PageElement", "pk": 10
},
{
  "fields": {
    "rank": 3, "orig_element": 2, "dest_element": 10
  },
  "model": "pages.RelationShip", "pk": 10
},
{
  "fields": {
    "title": "1.7a If your company conducted a systematic, rigorous assessment to identify and prioritize material ESG impacts, issues and opportunities, how was the ESG assessment done, and in what year?",
    "slug": "how-was-the-assessment-done",
    "text_updated_at": "2026-01-01T00:00:00.000Z",
    "picture": "/static/img/management-basics.png",
    "account": 2
  },
  "model": "pages.PageElement", "pk": 13
},
{
  "fields": {
    "orig_element": 2, "dest_element": 13
  },
  "model": "pages.RelationShip", "pk": 13
},
{
  "fields": {
    "title": "1.7b If your company conducted a systematic, rigorous assessment to identify and prioritize material ESG impacts, issues and opportunities, please describe the three most material ESG impacts, issues and opportunities identified for your company?",
    "slug": "describe-the-three-most-material-esg-impacts",
    "text_updated_at": "2026-01-01T00:00:00.000Z",
    "picture": "/static/img/management-basics.png",
    "account": 2
  },
  "model": "pages.PageElement", "pk": 14
},
{
  "fields": {
    "orig_element": 2, "dest_element": 14
  },
  "model": "pages.RelationShip", "pk": 14
},
{
  "fields": {
    "title": "1.7c Please describe your company's strategies, related goals and performance metrics related to each of these three material ESG issues.",
    "slug": "describe-your-company-strategies-related-goals",
    "text_updated_at": "2026-01-01T00:00:00.000Z",
    "picture": "/static/img/management-basics.png",
    "account": 2
  },
  "model": "pages.PageElement", "pk": 15
},
{
  "fields": {
    "orig_element": 2, "dest_element": 15
  },
  "model": "pages.RelationShip", "pk": 15
},


{
  "fields": {
    "title": "Environment, Social & Governance (ESG) Materiality Assessment",
    "slug": "esg-assessment",
    "text_updated_at": "2026-01-01T00:00:00.000Z",
    "account": 2
  },
  "model": "pages.PageElement", "pk": 9
},
{
  "fields": {
    "rank": 2, "orig_element": 2, "dest_element": 9
  },
  "model": "pages.RelationShip", "pk": 9
},

{
  "fields": {
    "title": "Code of conducts and policies",
    "slug": "governance-policies",
    "text_updated_at": "2026-01-01T00:00:00.000Z",
    "account": 2
  },
  "model": "pages.PageElement", "pk": 16
},
{
  "fields": {
    "rank": 15, "orig_element": 2, "dest_element": 16
  },
  "model": "pages.RelationShip", "pk": 16
},


{
  "fields": {
    "title": "2.1 Does your company have an Employee Code of Conduct in place?",
    "slug": "employee-code-of-conduct",
    "text_updated_at": "2026-01-01T00:00:00.000Z",
    "picture": "/static/img/management-basics.png",
    "account": 2
  },
  "model": "pages.PageElement", "pk": 17
},
{
  "fields": {
    "rank": 3, "orig_element": 16, "dest_element": 17
  },
  "model": "pages.RelationShip", "pk": 17
},
{
  "fields": {
    "title": "2.1a Does your company’s Employee Code of Conduct contain sections pertinent to ... ... Child and Forced Labor?",
    "slug": "employee-code-of-conduct-child-and-forced-labor",
    "text_updated_at": "2026-01-01T00:00:00.000Z",
    "picture": "/static/img/management-basics.png",
    "account": 2
  },
  "model": "pages.PageElement", "pk": 19
},
{
  "fields": {
    "orig_element": 17, "dest_element": 19
  },
  "model": "pages.RelationShip", "pk": 19
},
{
  "fields": {
    "title": "2.1b Does your company’s Employee Code of Conduct contain sections pertinent to ... ... Corruption and bribery?",
    "slug": "employee-code-of-conduct-corruption-and-bribery",
    "text_updated_at": "2026-01-01T00:00:00.000Z",
    "picture": "/static/img/management-basics.png",
    "account": 2
  },
  "model": "pages.PageElement", "pk": 20
},
{
  "fields": {
    "orig_element": 17, "dest_element": 20
  },
  "model": "pages.RelationShip", "pk": 20
},
{
  "fields": {
    "title": "2.1c Does your company’s Employee Code of Conduct contain sections pertinent to ... ... Discrimination & harassment​?",
    "slug": "employee-code-of-conduct-discrimination",
    "text_updated_at": "2026-01-01T00:00:00.000Z",
    "picture": "/static/img/management-basics.png",
    "account": 2
  },
  "model": "pages.PageElement", "pk": 21
},
{
  "fields": {
    "orig_element": 17, "dest_element": 21
  },
  "model": "pages.RelationShip", "pk": 21
},

{
  "fields": {
    "title": "2.1d Does your company’s Employee Code of Conduct contain sections pertinent to ... ... Diversity and inclusion?",
    "slug": "employee-code-of-conduct-diversity-inclusion",
    "text_updated_at": "2026-01-01T00:00:00.000Z",
    "picture": "/static/img/management-basics.png",
    "account": 2
  },
  "model": "pages.PageElement", "pk": 22
},
{
  "fields": {
    "orig_element": 17, "dest_element": 22
  },
  "model": "pages.RelationShip", "pk": 22
},

{
  "fields": {
    "title": "2.1e Does your company’s Employee Code of Conduct contain sections pertinent to ... ... Working hours?",
    "slug": "employee-code-of-conduct-working-hours",
    "text_updated_at": "2026-01-01T00:00:00.000Z",
    "picture": "/static/img/management-basics.png",
    "account": 2
  },
  "model": "pages.PageElement", "pk": 23
},
{
  "fields": {
    "orig_element": 17, "dest_element": 23
  },
  "model": "pages.RelationShip", "pk": 23
},


{
  "fields": {
    "title": "2.1f Does your company’s Employee Code of Conduct contain sections pertinent to ... ... Confidentiality of information?",
    "slug": "employee-code-of-conduct-confidentiality",
    "text_updated_at": "2026-01-01T00:00:00.000Z",
    "picture": "/static/img/management-basics.png",
    "account": 2
  },
  "model": "pages.PageElement", "pk": 24
},
{
  "fields": {
    "orig_element": 17, "dest_element": 24
  },
  "model": "pages.RelationShip", "pk": 24
},
{
  "fields": {
    "title": "2.1g Does your company’s Employee Code of Conduct contain sections pertinent to ... ... Conflicts of interest?",
    "slug": "employee-code-of-conduct-conflicts-of-interest",
    "text_updated_at": "2026-01-01T00:00:00.000Z",
    "picture": "/static/img/management-basics.png",
    "account": 2
  },
  "model": "pages.PageElement", "pk": 25
},
{
  "fields": {
    "orig_element": 17, "dest_element": 25
  },
  "model": "pages.RelationShip", "pk": 25
},
{
  "fields": {
    "title": "2.1h Does your company’s Employee Code of Conduct contain sections pertinent to ... ... Antitrust/anti-competitive practices?",
    "slug": "employee-code-of-conduct-antitrust",
    "text_updated_at": "2026-01-01T00:00:00.000Z",
    "picture": "/static/img/management-basics.png",
    "account": 2
  },
  "model": "pages.PageElement", "pk": 26
},
{
  "fields": {
    "orig_element": 17, "dest_element": 26
  },
  "model": "pages.RelationShip", "pk": 26
},
{
  "fields": {
    "title": "2.1i Does your company’s Employee Code of Conduct contain sections pertinent to ... ... Money-laundering and/or insider trading/dealing?",
    "slug": "employee-code-of-conduct-money-laundering",
    "text_updated_at": "2026-01-01T00:00:00.000Z",
    "picture": "/static/img/management-basics.png",
    "account": 2
  },
  "model": "pages.PageElement", "pk": 27
},
{
  "fields": {
    "orig_element": 17, "dest_element": 27
  },
  "model": "pages.RelationShip", "pk": 27
},
{
  "fields": {
    "title": "2.1j Does your company’s Employee Code of Conduct contain sections pertinent to ... ... Environment, health and safety?",
    "slug": "employee-code-of-conduct-safety",
    "text_updated_at": "2026-01-01T00:00:00.000Z",
    "picture": "/static/img/management-basics.png",
    "account": 2
  },
  "model": "pages.PageElement", "pk": 28
},
{
  "fields": {
    "orig_element": 17, "dest_element": 28
  },
  "model": "pages.RelationShip", "pk": 28
},
{
  "fields": {
    "title": "2.1k Does your company’s Employee Code of Conduct contain sections pertinent to ... ... Whistleblowing?",
    "slug": "employee-code-of-conduct-whistleblowing",
    "text_updated_at": "2026-01-01T00:00:00.000Z",
    "picture": "/static/img/management-basics.png",
    "account": 2
  },
  "model": "pages.PageElement", "pk": 29
},
{
  "fields": {
    "orig_element": 17, "dest_element": 29
  },
  "model": "pages.RelationShip", "pk": 29
},
{
  "fields": {
    "title": "2.1l Does your company’s Employee Code of Conduct contain sections pertinent to ... ... Collective bargaining, labor unions?",
    "slug": "employee-code-of-conduct-labor-unions",
    "text_updated_at": "2026-01-01T00:00:00.000Z",
    "picture": "/static/img/management-basics.png",
    "account": 2
  },
  "model": "pages.PageElement", "pk": 30
},
{
  "fields": {
    "orig_element": 17, "dest_element": 30
  },
  "model": "pages.RelationShip", "pk": 30
},
{
  "fields": {
    "title": "2.2 Does your company have a Supplier Code of Conduct and/or Human Rights Policy in place?",
    "slug": "supplier-code-of-conduct",
    "text_updated_at": "2026-01-01T00:00:00.000Z",
    "picture": "/static/img/management-basics.png",
    "account": 2
  },
  "model": "pages.PageElement", "pk": 33
},
{
  "fields": {
    "rank": 4, "orig_element": 16, "dest_element": 33
  },
  "model": "pages.RelationShip", "pk": 33
},
{
  "fields": {
    "title": "Does your company’s Supplier Code of Conduct and/or Human Rights Policy contain sections pertinent to ...",
    "slug": "supplier-code-of-conduct-follow",
    "text_updated_at": "2026-01-01T00:00:00.000Z",
    "account": 2
  },
  "model": "pages.PageElement", "pk": 34
},
{
  "fields": {
    "rank": 33, "orig_element": 16, "dest_element": 34
  },
  "model": "pages.RelationShip", "pk": 34
},
{
  "fields": {
    "title": "2.2a ... Child and Forced Labor?",
    "slug": "supplier-code-of-conduct-child-and-forced-labor",
    "text_updated_at": "2026-01-01T00:00:00.000Z",
    "picture": "/static/img/management-basics.png",
    "account": 2
  },
  "model": "pages.PageElement", "pk": 35
},
{
  "fields": {
    "orig_element": 34, "dest_element": 35
  },
  "model": "pages.RelationShip", "pk": 35
},
{
  "fields": {
    "title": "2.2b ... Corruption and bribery?",
    "slug": "supplier-code-of-conduct-corruption-and-bribery",
    "text_updated_at": "2026-01-01T00:00:00.000Z",
    "picture": "/static/img/management-basics.png",
    "account": 2
  },
  "model": "pages.PageElement", "pk": 36
},
{
  "fields": {
    "orig_element": 34, "dest_element": 36
  },
  "model": "pages.RelationShip", "pk": 36
},
{
  "fields": {
    "title": "2.2c ... Discrimination & harassment?",
    "slug": "supplier-code-of-conduct-discrimination",
    "text_updated_at": "2026-01-01T00:00:00.000Z",
    "picture": "/static/img/management-basics.png",
    "account": 2
  },
  "model": "pages.PageElement", "pk": 37
},
{
  "fields": {
    "orig_element": 34, "dest_element": 37
  },
  "model": "pages.RelationShip", "pk": 37
},

{
  "fields": {
    "title": "2.2d ... Diversity and inclusion?",
    "slug": "supplier-code-of-conduct-diversity-inclusion",
    "text_updated_at": "2026-01-01T00:00:00.000Z",
    "picture": "/static/img/management-basics.png",
    "account": 2
  },
  "model": "pages.PageElement", "pk": 38
},
{
  "fields": {
    "orig_element": 34, "dest_element": 38
  },
  "model": "pages.RelationShip", "pk": 38
},
{
  "fields": {
    "title": "2.2e ... working hours?",
    "slug": "supplier-code-of-conduct-working-hours",
    "text_updated_at": "2026-01-01T00:00:00.000Z",
    "picture": "/static/img/management-basics.png",
    "account": 2
  },
  "model": "pages.PageElement", "pk": 39
},
{
  "fields": {
    "orig_element": 34, "dest_element": 39
  },
  "model": "pages.RelationShip", "pk": 39
},


{
  "fields": {
    "title": "2.2f ... Confidentiality of information?",
    "slug": "supplier-code-of-conduct-confidentiality",
    "text_updated_at": "2026-01-01T00:00:00.000Z",
    "picture": "/static/img/management-basics.png",
    "account": 2
  },
  "model": "pages.PageElement", "pk": 40
},
{
  "fields": {
    "orig_element": 34, "dest_element": 40
  },
  "model": "pages.RelationShip", "pk": 40
},
{
  "fields": {
    "title": "2.2g ... Conflicts of interest?",
    "slug": "supplier-code-of-conduct-conflicts-of-interest",
    "text_updated_at": "2026-01-01T00:00:00.000Z",
    "picture": "/static/img/management-basics.png",
    "account": 2
  },
  "model": "pages.PageElement", "pk": 41
},
{
  "fields": {
    "orig_element": 34, "dest_element": 41
  },
  "model": "pages.RelationShip", "pk": 41
},
{
  "fields": {
    "title": "2.2h ... Antitrust/anti-competitive practices?",
    "slug": "supplier-code-of-conduct-antitrust",
    "text_updated_at": "2026-01-01T00:00:00.000Z",
    "picture": "/static/img/management-basics.png",
    "account": 2
  },
  "model": "pages.PageElement", "pk": 42
},
{
  "fields": {
    "orig_element": 34, "dest_element": 42
  },
  "model": "pages.RelationShip", "pk": 42
},
{
  "fields": {
    "title": "2.2i ... Money-laundering and/or insider trading/dealing?",
    "slug": "supplier-code-of-conduct-money-laundering",
    "text_updated_at": "2026-01-01T00:00:00.000Z",
    "picture": "/static/img/management-basics.png",
    "account": 2
  },
  "model": "pages.PageElement", "pk": 43
},
{
  "fields": {
    "orig_element": 34, "dest_element": 43
  },
  "model": "pages.RelationShip", "pk": 43
},
{
  "fields": {
    "title": "2.2j ... Environment, health and safety?",
    "slug": "supplier-code-of-conduct-safety",
    "text_updated_at": "2026-01-01T00:00:00.000Z",
    "picture": "/static/img/management-basics.png",
    "account": 2
  },
  "model": "pages.PageElement", "pk": 44
},
{
  "fields": {
    "orig_element": 34, "dest_element": 44
  },
  "model": "pages.RelationShip", "pk": 44
},
{
  "fields": {
    "title": "2.2k ... Whistleblowing?",
    "slug": "supplier-code-of-conduct-whistleblowing",
    "text_updated_at": "2026-01-01T00:00:00.000Z",
    "picture": "/static/img/management-basics.png",
    "account": 2
  },
  "model": "pages.PageElement", "pk": 45
},
{
  "fields": {
    "orig_element": 34, "dest_element": 45
  },
  "model": "pages.RelationShip", "pk": 45
},
{
  "fields": {
    "title": "2.2l ... External stakeholder human rights?",
    "slug": "supplier-code-of-conduct-external-stakeholders",
    "text_updated_at": "2026-01-01T00:00:00.000Z",
    "picture": "/static/img/management-basics.png",
    "account": 2
  },
  "model": "pages.PageElement", "pk": 46
},
{
  "fields": {
    "orig_element": 34, "dest_element": 46
  },
  "model": "pages.RelationShip", "pk": 46
},
{
  "fields": {
    "title": "4.7 Percentage of targeted suppliers that have signed the Supplier Code of Conduct?",
    "slug": "report-sustainable-procurement",
    "text_updated_at": "2026-01-01T00:00:00.000Z",
    "picture": "/static/img/management-basics.png",
    "account": 2
  },
  "model": "pages.PageElement", "pk": 47
},
{
  "fields": {
    "rank": 5, "orig_element": 60, "dest_element": 47
  },
  "model": "pages.RelationShip", "pk": 47
},
{
  "fields": {
    "title": "4.8 What is the percentage of targeted suppliers with contracts that include clauses on environmental, labor, and human rights requirements?",
    "slug": "report-sustainable-procurement-clauses",
    "text_updated_at": "2026-01-01T00:00:00.000Z",
    "picture": "/static/img/management-basics.png",
    "account": 2
  },
  "model": "pages.PageElement", "pk": 48
},
{
  "fields": {
    "rank": 6, "orig_element": 60, "dest_element": 48
  },
  "model": "pages.RelationShip", "pk": 48
},
{
  "fields": {
    "title": "4.9 If your organization has a Supplier Code of Conduct, what monitoring or audit systems are in place to ensure compliance with the Supplier Code of Conduct?",
    "slug": "supplier-code-of-conduct-monitoring-audit-systems",
    "text_updated_at": "2026-01-01T00:00:00.000Z",
    "picture": "/static/img/management-basics.png",
    "account": 2
  },
  "model": "pages.PageElement", "pk": 49
},
{
  "fields": {
    "orig_element": 60, "dest_element": 49
  },
  "model": "pages.RelationShip", "pk": 49
},

{
  "fields": {
    "title": "Sourcing practices",
    "slug": "sourcing-practices",
    "text_updated_at": "2026-01-01T00:00:00.000Z",
    "account": 2
  },
  "model": "pages.PageElement", "pk": 50
},
{
  "fields": {
    "rank": 34, "orig_element": 2, "dest_element": 50
  },
  "model": "pages.RelationShip", "pk": 50
},
{
  "fields": {
    "title": "3.1 Are there any conflict minerals or additional minerals of concern (including: cobalt, tin, tantalum, tungsten, or gold) in the product(s) that your company manufactures, subcontracts, or sells?",
    "slug": "conflict-minerals-in-products",
    "text_updated_at": "2026-01-01T00:00:00.000Z",
    "picture": "/static/img/data-metrics.png",
    "account": 2
  },
  "model": "pages.PageElement", "pk": 51
},
{
  "fields": {
    "orig_element": 50, "dest_element": 51,
    "rank": 2
  },
  "model": "pages.RelationShip", "pk": 51
},
{
  "fields": {
    "title": "3.2 If yes - Has your company published a due diligence report on conflict minerals (including or not including cobalt)?",
    "slug": "conflict-minerals-in-products-report",
    "text_updated_at": "2026-01-01T00:00:00.000Z",
    "picture": "/static/img/data-metrics.png",
    "account": 2
  },
  "model": "pages.PageElement", "pk": 52
},
{
  "fields": {
    "orig_element": 50, "dest_element": 52
  },
  "model": "pages.RelationShip", "pk": 52
},
{
  "fields": {
    "title": "3.3 Does your company have a policy related to sourcing minerals of concern?",
    "slug": "conflict-minerals-policy",
    "text_updated_at": "2026-01-01T00:00:00.000Z",
    "picture": "/static/img/data-metrics.png",
    "account": 2
  },
  "model": "pages.PageElement", "pk": 54
},
{
  "fields": {
    "orig_element": 50, "dest_element": 54
  },
  "model": "pages.RelationShip", "pk": 54
},
{
  "fields": {
    "title": "3.4 Does your company source any of the specific materials, minerals, or products from the related countries listed on the Department of Labor \"List of Goods Produced by Child Labor or Forced Labor\" (available here https://www.dol.gov/agencies/ilab/reports/child-labor/list-of-goods)?",
    "slug": "high-risk-regions-sourcing-products",
    "text_updated_at": "2026-01-01T00:00:00.000Z",
    "picture": "/static/img/data-metrics.png",
    "account": 2
  },
  "model": "pages.PageElement", "pk": 55
},
{
  "fields": {
    "orig_element": 50, "dest_element": 55
  },
  "model": "pages.RelationShip", "pk": 55
},
{
  "fields": {
    "title": "3.6 If your company source materials from regions of concern, how is your company ensuring that there is no Child Labor or Forced Labor in your supply chain?",
    "slug": "high-risk-regions-sourcing-products-report",
    "text_updated_at": "2026-01-01T00:00:00.000Z",
    "picture": "/static/img/data-metrics.png",
    "account": 2
  },
  "model": "pages.PageElement", "pk": 56
},
{
  "fields": {
    "orig_element": 50, "dest_element": 56,
    "rank": 2
  },
  "model": "pages.RelationShip", "pk": 56
},
{
  "fields": {
    "title": "3.5 Does your company have a policy related to sourcing materials from regions of concern?",
    "slug": "high-risk-regions-sourcing-policy",
    "text_updated_at": "2026-01-01T00:00:00.000Z",
    "picture": "/static/img/data-metrics.png",
    "account": 2
  },
  "model": "pages.PageElement", "pk": 57
},
{
  "fields": {
    "orig_element": 50, "dest_element": 57,
    "rank": 2
  },
  "model": "pages.RelationShip", "pk": 57
},

{
  "fields": {
    "title": "Environmental Management System Rigor",
    "slug": "environmental-management-rigor",
    "text_updated_at": "2026-01-01T00:00:00.000Z",
    "account": 2
  },
  "model": "pages.PageElement", "pk": 60
},
{
  "fields": {
    "rank": 10, "orig_element": 1, "dest_element": 60
  },
  "model": "pages.RelationShip", "pk": 60
},

{
  "fields": {
    "title": "4.1 Has your company implemented an environmental management system that conforms with a recognized international (e.g. ISO 14001) or local standard?",
    "slug": "env-system-in-place",
    "text_updated_at": "2026-01-01T00:00:00.000Z",
    "picture": "/static/img/management-basics.png",
    "account": 2
  },
  "model": "pages.PageElement", "pk": 61
},
{
  "fields": {
    "rank": 13, "orig_element": 60, "dest_element": 61
  },
  "model": "pages.RelationShip", "pk": 61
},

{
  "fields": {
    "title": "4.2 Is the system certified to a recognized local or international standard?",
    "slug": "env-system-certified",
    "text_updated_at": "2026-01-01T00:00:00.000Z",
    "picture": "/static/img/management-basics.png",
    "account": 2
  },
  "model": "pages.PageElement", "pk": 62
},
{
  "fields": {
    "orig_element": 60, "dest_element": 62
  },
  "model": "pages.RelationShip", "pk": 62
},
{
  "fields": {
    "title": "4.3 Is the system periodically (e.g. every 5 years) audited internally and by an independent third party?",
    "slug": "env-system-audited",
    "text_updated_at": "2026-01-01T00:00:00.000Z",
    "picture": "/static/img/management-basics.png",
    "account": 2
  },
  "model": "pages.PageElement", "pk": 63
},
{
  "fields": {
    "orig_element": 60, "dest_element": 63
  },
  "model": "pages.RelationShip", "pk": 63
},
{
  "fields": {
    "title": "4.5 Please indicate the coverage of the environmental management system across your business and/or facilities (e.g. % of owned facilities with an ISO 14001 certificate)?",
    "slug": "env-system-coverage",
    "text_updated_at": "2026-01-01T00:00:00.000Z",
    "picture": "/static/img/management-basics.png",
    "account": 2
  },
  "model": "pages.PageElement", "pk": 64
},
{
  "fields": {
    "orig_element": 60, "dest_element": 64
  },
  "model": "pages.RelationShip", "pk": 64
},
{
  "fields": {
    "title": "4.6 If your company has an Employee Code of Conduct, what monitoring or audit systems are in place to ensure compliance with the Employee Code of Conduct?",
    "slug": "employee-code-of-conduct-monitoring-audit-systems",
    "text_updated_at": "2026-01-01T00:00:00.000Z",
    "picture": "/static/img/management-basics.png",
    "account": 2
  },
  "model": "pages.PageElement", "pk": 32
},
{
  "fields": {
    "orig_element": 60, "dest_element": 32
  },
  "model": "pages.RelationShip", "pk": 32
},


{
  "fields": {
    "title": "Environmental reporting",
    "slug": "environmental-reporting",
    "text_updated_at": "2026-01-01T00:00:00.000Z",
    "account": 2
  },
  "model": "pages.PageElement", "pk": 65
},
{
  "fields": {
    "rank": 11, "orig_element": 1, "dest_element": 65
  },
  "model": "pages.RelationShip", "pk": 65
},
{
  "fields": {
    "title": "5.1 Has your company received or been responsible for a Notice of Violation (NOV), Consent Order or fine over USD $10,000 from an environmental agency, or an environmental event that required reporting to an environmental agency in the past 36 months?",
    "slug": "environmental-fines",
    "text_updated_at": "2026-01-01T00:00:00.000Z",
    "picture": "/static/img/management-basics.png",
    "account": 2
  },
  "model": "pages.PageElement", "pk": 59
},
{
  "fields": {
    "rank": 9, "orig_element": 65, "dest_element": 59
  },
  "model": "pages.RelationShip", "pk": 59
},
{
  "fields": {
    "title": "Energy & GHG Emissions reporting",
    "slug": "ghg-emissions-reporting",
    "text_updated_at": "2026-01-01T00:00:00.000Z",
    "account": 2
  },
  "model": "pages.PageElement", "pk": 66
},
{
  "fields": {
    "rank": 57, "orig_element": 65, "dest_element": 66
  },
  "model": "pages.RelationShip", "pk": 66
},
{
  "fields": {
    "title": "7.1 Does your company report total Scope 1 GHG emissions publicly?",
    "slug": "ghg-emissions-scope1-publicly-reported",
    "text_updated_at": "2026-01-01T00:00:00.000Z",
    "picture": "/static/img/data-metrics.png",
    "account": 2
  },
  "model": "pages.PageElement", "pk": 67
},
{
  "fields": {
    "rank": 1, "orig_element": 66, "dest_element": 67
  },
  "model": "pages.RelationShip", "pk": 67
},
{
  "fields": {
    "title": "7.2 Have Scope 1 GHG Emissions data been third-party verified within last 2 years?",
    "slug": "ghg-emissions-scope1-3rd-party-verified",
    "text_updated_at": "2026-01-01T00:00:00.000Z",
    "picture": "/static/img/data-metrics.png",
    "account": 2
  },
  "model": "pages.PageElement", "pk": 68
},
{
  "fields": {
    "rank": 4, "orig_element": 66, "dest_element": 68
  },
  "model": "pages.RelationShip", "pk": 68
},
{
  "fields": {
    "title": "7.7 Does your company report total Scope 2 GHG emissions publicly?",
    "slug": "ghg-emissions-scope2-publicly-reported",
    "text_updated_at": "2026-01-01T00:00:00.000Z",
    "picture": "/static/img/data-metrics.png",
    "account": 2
  },
  "model": "pages.PageElement", "pk": 69
},
{
  "fields": {
    "rank": 2, "orig_element": 66, "dest_element": 69
  },
  "model": "pages.RelationShip", "pk": 69
},
{
  "fields": {
    "title": "7.8 Have Scope 2 GHG emissions data been third-party verified within last 2 years?",
    "slug": "ghg-emissions-scope2-3rd-party-verified",
    "text_updated_at": "2026-01-01T00:00:00.000Z",
    "picture": "/static/img/data-metrics.png",
    "account": 2
  },
  "model": "pages.PageElement", "pk": 70
},
{
  "fields": {
    "rank": 5, "orig_element": 66, "dest_element": 70
  },
  "model": "pages.RelationShip", "pk": 70
},
{
  "fields": {
    "title": "(16a) Does your company report total Scope 3 GHG emissions publicly?",
    "slug": "ghg-emissions-scope3-publicly-reported",
    "text_updated_at": "2026-01-01T00:00:00.000Z",
    "picture": "/static/img/data-metrics.png",
    "account": 2
  },
  "model": "pages.PageElement", "pk": 71
},
{
  "fields": {
    "rank": 1, "orig_element": 90, "dest_element": 71
  },
  "model": "pages.RelationShip", "pk": 71
},
{
  "fields": {
    "title": "(16b) Have Scope 3 GHG emissions data been third-party verified within last 2 years?",
    "slug": "ghg-emissions-scope3-3rd-party-verified",
    "text_updated_at": "2026-01-01T00:00:00.000Z",
    "picture": "/static/img/data-metrics.png",
    "account": 2
  },
  "model": "pages.PageElement", "pk": 72
},
{
  "fields": {
    "rank": 2, "orig_element": 90, "dest_element": 72
  },
  "model": "pages.RelationShip", "pk": 72
},
{
  "fields": {
    "title": "Waste reporting",
    "slug": "waste-reporting",
    "text_updated_at": "2026-01-01T00:00:00.000Z",
    "account": 2
  },
  "model": "pages.PageElement", "pk": 73
},
{
  "fields": {
    "rank": 59, "orig_element": 66, "dest_element": 73
  },
  "model": "pages.RelationShip", "pk": 73
},
{
  "fields": {
    "title": "9.1 Does your company report waste generated and recycled publicly?",
    "slug": "waste-publicly-reported",
    "text_updated_at": "2026-01-01T00:00:00.000Z",
    "picture": "/static/img/data-metrics.png",
    "account": 2
  },
  "model": "pages.PageElement", "pk": 74
},
{
  "fields": {
    "orig_element": 73, "dest_element": 74,
    "rank": 2
  },
  "model": "pages.RelationShip", "pk": 74
},
{
  "fields": {
    "title": "9.2 Has the waste measurement methodology been third-party verified within the last 2 years?",
    "slug": "waste-3rd-party-verified",
    "text_updated_at": "2026-01-01T00:00:00.000Z",
    "picture": "/static/img/data-metrics.png",
    "account": 2
  },
  "model": "pages.PageElement", "pk": 75
},
{
  "fields": {
    "orig_element": 73, "dest_element": 75
  },
  "model": "pages.RelationShip", "pk": 75
},
{
  "fields": {
    "title": "Water reporting",
    "slug": "water-reporting",
    "text_updated_at": "2026-01-01T00:00:00.000Z",
    "account": 2
  },
  "model": "pages.PageElement", "pk": 76
},
{
  "fields": {
    "rank": 58, "orig_element": 66, "dest_element": 76
  },
  "model": "pages.RelationShip", "pk": 76
},
{
  "fields": {
    "title": "8.1 Does your company report water withdrawn, discharged and re-used publicly?",
    "slug": "water-publicly-reported",
    "text_updated_at": "2026-01-01T00:00:00.000Z",
    "picture": "/static/img/data-metrics.png",
    "account": 2
  },
  "model": "pages.PageElement", "pk": 77
},
{
  "fields": {
    "orig_element": 76, "dest_element": 77
  },
  "model": "pages.RelationShip", "pk": 77
},
{
  "fields": {
    "title": "8.2 Have water data been third-party verified within the last 2 years?",
    "slug": "water-3rd-party-verified",
    "text_updated_at": "2026-01-01T00:00:00.000Z",
    "picture": "/static/img/data-metrics.png",
    "account": 2
  },
  "model": "pages.PageElement", "pk": 78
},
{
  "fields": {
    "orig_element": 76, "dest_element": 78
  },
  "model": "pages.RelationShip", "pk": 78
},


{
  "fields": {
    "title": "Social reporting",
    "slug": "social-reporting",
    "text_updated_at": "2026-01-01T00:00:00.000Z",
    "account": 2
  },
  "model": "pages.PageElement", "pk": 79
},
{
  "fields": {
    "rank": 12, "orig_element": 2, "dest_element": 79
  },
  "model": "pages.RelationShip", "pk": 79
},
{
  "fields": {
    "title": "11.1 Has your company had any significant code of conduct breaches including but not limited to breaches resulting in fines, class action lawsuits, or repeated breaches of Codes of Conduct in the past 36 months?",
    "slug": "governance-fines",
    "text_updated_at": "2026-01-01T00:00:00.000Z",
    "picture": "/static/img/data-metrics.png",
    "account": 2
  },
  "model": "pages.PageElement", "pk": 58
},
{
  "fields": {
    "orig_element": 79, "dest_element": 58
  },
  "model": "pages.RelationShip", "pk": 58
},
{
  "fields": {
    "title": "11.2 Does your company report internally or externally Key Performance Indicators (KPIs) on ...",
    "slug": "social-kpis",
    "text_updated_at": "2026-01-01T00:00:00.000Z",
    "account": 2
  },
  "model": "pages.PageElement", "pk": 80
},
{
  "fields": {
    "rank": 127, "orig_element": 79, "dest_element": 80
  },
  "model": "pages.RelationShip", "pk": 80
},
{
  "fields": {
    "title": "11.2a ... Discrimination & Harassment?",
    "slug": "kpi-diversity-discrimination-harassment",
    "text_updated_at": "2026-01-01T00:00:00.000Z",
    "picture": "/static/img/data-metrics.png",
    "account": 2
  },
  "model": "pages.PageElement", "pk": 81
},
{
  "fields": {
    "orig_element": 80, "dest_element": 81
  },
  "model": "pages.RelationShip", "pk": 81
},
{
  "fields": {
    "title": "11.2b ... Diversity of Employees?",
    "slug": "kpi-diversity-of-employees",
    "text_updated_at": "2026-01-01T00:00:00.000Z",
    "picture": "/static/img/data-metrics.png",
    "account": 2
  },
  "model": "pages.PageElement", "pk": 82
},
{
  "fields": {
    "orig_element": 80, "dest_element": 82
  },
  "model": "pages.RelationShip", "pk": 82
},
{
  "fields": {
    "title": "11.2c ... Diversity of Executive Leadership and/or Board?",
    "slug": "kpi-diversity-of-board",
    "text_updated_at": "2026-01-01T00:00:00.000Z",
    "picture": "/static/img/data-metrics.png",
    "account": 2
  },
  "model": "pages.PageElement", "pk": 83
},
{
  "fields": {
    "orig_element": 80, "dest_element": 83
  },
  "model": "pages.RelationShip", "pk": 83
},
{
  "fields": {
    "title": "11.2d ... Recordable Incident Rate?",
    "slug": "kpi-recordable-incident-rate",
    "text_updated_at": "2026-01-01T00:00:00.000Z",
    "picture": "/static/img/data-metrics.png",
    "account": 2
  },
  "model": "pages.PageElement", "pk": 84
},
{
  "fields": {
    "orig_element": 80, "dest_element": 84
  },
  "model": "pages.RelationShip", "pk": 84
},
{
  "fields": {
    "title": "11.2e ... Lost-time Case Rate?",
    "slug": "kpi-lost-time-case-rate",
    "text_updated_at": "2026-01-01T00:00:00.000Z",
    "picture": "/static/img/data-metrics.png",
    "account": 2
  },
  "model": "pages.PageElement", "pk": 85
},
{
  "fields": {
    "orig_element": 80, "dest_element": 85
  },
  "model": "pages.RelationShip", "pk": 85
},
{
  "fields": {
    "title": "11.2f ... Days Away, Restricted, and Transfer (DART) Rate?",
    "slug": "kpi-dart-rate",
    "text_updated_at": "2026-01-01T00:00:00.000Z",
    "picture": "/static/img/data-metrics.png",
    "account": 2
  },
  "model": "pages.PageElement", "pk": 86
},
{
  "fields": {
    "orig_element": 80, "dest_element": 86
  },
  "model": "pages.RelationShip", "pk": 86
},
{
  "fields": {
    "title": "11.2g ... Work-related Fatalities?",
    "slug": "kpi-work-related-fatalities",
    "text_updated_at": "2026-01-01T00:00:00.000Z",
    "picture": "/static/img/data-metrics.png",
    "account": 2
  },
  "model": "pages.PageElement", "pk": 87
},
{
  "fields": {
    "orig_element": 80, "dest_element": 87
  },
  "model": "pages.RelationShip", "pk": 87
},

{
  "fields": {
    "title": "Energy & GHG Emissions measured and trended",
    "slug": "ghg-emissions-scope1-measured",
    "text_updated_at": "2026-01-01T00:00:00.000Z",
    "account": 2,
    "extra": "{\"tags\":[\"data-metrics-header\"]}"
  },
  "model": "pages.PageElement", "pk": 101
},
{
  "fields": {
    "rank": 76, "orig_element": 66, "dest_element": 101
  },
  "model": "pages.RelationShip", "pk": 101
},

{
  "fields": {
    "title": "7.6 Total Scope 1 GHG Emissions",
    "slug": "ghg-emissions-scope1",
    "text_updated_at": "2026-01-01T00:00:00.000Z",
    "picture": "/static/img/data-metrics.png",
    "account": 2
  },
  "model": "pages.PageElement", "pk": 103
},
{
  "fields": {
    "orig_element": 101, "dest_element": 103,
    "rank": 2
  },
  "model": "pages.RelationShip", "pk": 103
},

{
  "fields": {
    "title": "7.12 Total Scope 2 GHG Emissions",
    "slug": "ghg-emissions-scope2",
    "text_updated_at": "2026-01-01T00:00:00.000Z",
    "picture": "/static/img/data-metrics.png",
    "account": 2
  },
  "model": "pages.PageElement", "pk": 104
},
{
  "fields": {
    "orig_element": 101, "dest_element": 104,
    "rank": 2
  },
  "model": "pages.RelationShip", "pk": 104
},


{
  "fields": {
    "title": "Scope 3 reporting",
    "slug": "ghg-emissions-scope3-details",
    "text_updated_at": "2026-01-01T00:00:00.000Z",
    "account": 2,
    "extra": ""
  },
  "model": "pages.PageElement", "pk": 90
},
{
  "fields": {
    "rank": 82, "orig_element": 65, "dest_element": 90
  },
  "model": "pages.RelationShip", "pk": 90
},

{
  "fields": {
    "title": "Scope 3 measured and trended",
    "slug": "ghg-emissions-scope3-measured",
    "text_updated_at": "2026-01-01T00:00:00.000Z",
    "account": 2,
    "extra": "{\"tags\":[\"data-metrics-header\"]}"
  },
  "model": "pages.PageElement", "pk": 106
},
{
  "fields": {
    "rank": 109, "orig_element": 90, "dest_element": 106
  },
  "model": "pages.RelationShip", "pk": 106
},


{
  "fields": {
    "title": "(16) Total Scope 3 GHG Emissions",
    "slug": "ghg-emissions-scope3",
    "text_updated_at": "2026-01-01T00:00:00.000Z",
    "picture": "/static/img/data-metrics.png",
    "account": 2
  },
  "model": "pages.PageElement", "pk": 105
},
{
  "fields": {
    "orig_element": 106, "dest_element": 105,
    "rank": 2
  },
  "model": "pages.RelationShip", "pk": 105
},
{
  "fields": {
    "title": "7.18a Business travel",
    "slug": "business-travel",
    "text_updated_at": "2026-01-01T00:00:00.000Z",
    "picture": "/static/img/data-metrics.png",
    "account": 2
  },
  "model": "pages.PageElement", "pk": 112
},
{
  "fields": {
    "rank": 7, "orig_element": 106, "dest_element": 112
  },
  "model": "pages.RelationShip", "pk": 112
},
{
  "fields": {
    "title": "7.18b Capital goods",
    "slug": "capital-goods",
    "text_updated_at": "2026-01-01T00:00:00.000Z",
    "picture": "/static/img/data-metrics.png",
    "account": 2
  },
  "model": "pages.PageElement", "pk": 108
},
{
  "fields": {
    "orig_element": 106, "dest_element": 108,
    "rank": 3
  },
  "model": "pages.RelationShip", "pk": 108
},
{
  "fields": {
    "title": "7.18c Downstream leased assets",
    "slug": "downstream-leased-assets",
    "text_updated_at": "2026-01-01T00:00:00.000Z",
    "picture": "/static/img/data-metrics.png",
    "account": 2
  },
  "model": "pages.PageElement", "pk": 120
},
{
  "fields": {
    "orig_element": 106, "dest_element": 120,
    "rank": 15
  },
  "model": "pages.RelationShip", "pk": 120
},
{
  "fields": {
    "title": "7.18d Downstream transportation and distribution",
    "slug": "downstream-transportation-and-distribution",
    "text_updated_at": "2026-01-01T00:00:00.000Z",
    "picture": "/static/img/data-metrics.png",
    "account": 2
  },
  "model": "pages.PageElement", "pk": 116
},
{
  "fields": {
    "orig_element": 106, "dest_element": 116,
    "rank": 11
  },
  "model": "pages.RelationShip", "pk": 116
},
{
  "fields": {
    "title": "7.18e Employee commuting",
    "slug": "employee-commuting",
    "text_updated_at": "2026-01-01T00:00:00.000Z",
    "picture": "/static/img/data-metrics.png",
    "account": 2
  },
  "model": "pages.PageElement", "pk": 113
},
{
  "fields": {
    "orig_element": 106, "dest_element": 113,
    "rank": 8
  },
  "model": "pages.RelationShip", "pk": 113
},
{
  "fields": {
    "title": "7.18f End of life treatment of sold products",
    "slug": "end-of-life-treatment-of-sold-products",
    "text_updated_at": "2026-01-01T00:00:00.000Z",
    "picture": "/static/img/data-metrics.png",
    "account": 2
  },
  "model": "pages.PageElement", "pk": 119
},
{
  "fields": {
    "orig_element": 106, "dest_element": 119,
    "rank": 14
  },
  "model": "pages.RelationShip", "pk": 119
},
{
  "fields": {
    "title": "7.18g Franchise",
    "slug": "franchise",
    "text_updated_at": "2026-01-01T00:00:00.000Z",
    "picture": "/static/img/data-metrics.png",
    "account": 2
  },
  "model": "pages.PageElement", "pk": 121
},
{
  "fields": {
    "orig_element": 106, "dest_element": 121,
    "rank": 16
  },
  "model": "pages.RelationShip", "pk": 121
},
{
  "fields": {
    "title": "7.18h Fuel-and-energy-related activities",
    "slug": "fuel-and-energy-related-activities",
    "text_updated_at": "2026-01-01T00:00:00.000Z",
    "picture": "/static/img/data-metrics.png",
    "account": 2
  },
  "model": "pages.PageElement", "pk": 109
},
{
  "fields": {
    "orig_element": 106, "dest_element": 109,
    "rank": 4
  },
  "model": "pages.RelationShip", "pk": 109
},
{
  "fields": {
    "title": "7.18i Investments",
    "slug": "investments",
    "text_updated_at": "2026-01-01T00:00:00.000Z",
    "picture": "/static/img/data-metrics.png",
    "account": 2
  },
  "model": "pages.PageElement", "pk": 115
},
{
  "fields": {
    "orig_element": 106, "dest_element": 115,
    "rank": 10
  },
  "model": "pages.RelationShip", "pk": 115
},
{
  "fields": {
    "title": "7.18j Processing of sold products",
    "slug": "processing-of-sold-products",
    "text_updated_at": "2026-01-01T00:00:00.000Z",
    "picture": "/static/img/data-metrics.png",
    "account": 2
  },
  "model": "pages.PageElement", "pk": 117
},
{
  "fields": {
    "orig_element": 106, "dest_element": 117,
    "rank": 12
  },
  "model": "pages.RelationShip", "pk": 117
},

{
  "fields": {
    "title": "7.18k Purchased good and services",
    "slug": "purchased-good-and-services",
    "text_updated_at": "2026-01-01T00:00:00.000Z",
    "picture": "/static/img/data-metrics.png",
    "account": 2
  },
  "model": "pages.PageElement", "pk": 107
},
{
  "fields": {
    "orig_element": 106, "dest_element": 107,
    "rank": 2
  },
  "model": "pages.RelationShip", "pk": 107
},
{
  "fields": {
    "title": "7.18l Upstream leased assets",
    "slug": "upstream-leased-assets",
    "text_updated_at": "2026-01-01T00:00:00.000Z",
    "picture": "/static/img/data-metrics.png",
    "account": 2
  },
  "model": "pages.PageElement", "pk": 114
},
{
  "fields": {
    "orig_element": 106, "dest_element": 114,
    "rank": 9
  },
  "model": "pages.RelationShip", "pk": 114
},

{
  "fields": {
    "title": "7.18m Upstream transportation and distribution",
    "slug": "upstream-transportation-and-distribution",
    "text_updated_at": "2026-01-01T00:00:00.000Z",
    "picture": "/static/img/data-metrics.png",
    "account": 2
  },
  "model": "pages.PageElement", "pk": 110
},
{
  "fields": {
    "orig_element": 106, "dest_element": 110,
    "rank": 5
  },
  "model": "pages.RelationShip", "pk": 110
},
{
  "fields": {
    "title": "7.18n Use of sold products",
    "slug": "use-of-sold-products",
    "text_updated_at": "2026-01-01T00:00:00.000Z",
    "picture": "/static/img/data-metrics.png",
    "account": 2
  },
  "model": "pages.PageElement", "pk": 118
},
{
  "fields": {
    "orig_element": 106, "dest_element": 118,
    "rank": 13
  },
  "model": "pages.RelationShip", "pk": 118
},
{
  "fields": {
    "title": "7.18o Waste generated in operations",
    "slug": "waste-generated-in-operations",
    "text_updated_at": "2026-01-01T00:00:00.000Z",
    "picture": "/static/img/data-metrics.png",
    "account": 2
  },
  "model": "pages.PageElement", "pk": 111
},
{
  "fields": {
    "orig_element": 106, "dest_element": 111,
    "rank": 6
  },
  "model": "pages.RelationShip", "pk": 111
},

{
  "fields": {
    "title": "Waste measured and trended",
    "slug": "waste-measured",
    "text_updated_at": "2026-01-01T00:00:00.000Z",
    "account": 2,
    "extra": "{\"tags\":[\"data-metrics-header\"]}"
  },
  "model": "pages.PageElement", "pk": 122
},
{
  "fields": {
    "rank": 115, "orig_element": 73, "dest_element": 122
  },
  "model": "pages.RelationShip", "pk": 122
},
{
  "fields": {
    "title": "9.5 Total Hazardous Waste",
    "slug": "hazardous-waste",
    "text_updated_at": "2026-01-01T00:00:00.000Z",
    "picture": "/static/img/data-metrics.png",
    "account": 2
  },
  "model": "pages.PageElement", "pk": 123
},
{
  "fields": {
    "orig_element": 122, "dest_element": 123,
    "rank": 2
  },
  "model": "pages.RelationShip", "pk": 123
},
{
  "fields": {
    "title": "9.6 Total Non-Hazardous Waste",
    "slug": "non-hazardous-waste",
    "text_updated_at": "2026-01-01T00:00:00.000Z",
    "picture": "/static/img/data-metrics.png",
    "account": 2
  },
  "model": "pages.PageElement", "pk": 124
},
{
  "fields": {
    "orig_element": 122, "dest_element": 124,
    "rank": 2
  },
  "model": "pages.RelationShip", "pk": 124
},
{
  "fields": {
    "title": "9.7 Total Waste Recycled",
    "slug": "waste-recycled",
    "text_updated_at": "2026-01-01T00:00:00.000Z",
    "picture": "/static/img/data-metrics.png",
    "account": 2
  },
  "model": "pages.PageElement", "pk": 125
},
{
  "fields": {
    "orig_element": 122, "dest_element": 125,
    "rank": 2
  },
  "model": "pages.RelationShip", "pk": 125
},
{
  "fields": {
    "title": "Water measured and trended",
    "slug": "water-measured",
    "text_updated_at": "2026-01-01T00:00:00.000Z",
    "account": 2,
    "extra": "{\"tags\":[\"data-metrics-header\"]}"
  },
  "model": "pages.PageElement", "pk": 126
},
{
  "fields": {
    "rank": 122, "orig_element": 76, "dest_element": 126
  },
  "model": "pages.RelationShip", "pk": 126
},
{
  "fields": {
    "title": "8.5 Total Water withdrawn",
    "slug": "water-withdrawn",
    "text_updated_at": "2026-01-01T00:00:00.000Z",
    "picture": "/static/img/data-metrics.png",
    "account": 2
  },
  "model": "pages.PageElement", "pk": 127
},
{
  "fields": {
    "orig_element": 126, "dest_element": 127,
    "rank": 2
  },
  "model": "pages.RelationShip", "pk": 127
},
{
  "fields": {
    "title": "8.6 Total Water discharged",
    "slug": "water-discharged",
    "text_updated_at": "2026-01-01T00:00:00.000Z",
    "picture": "/static/img/data-metrics.png",
    "account": 2
  },
  "model": "pages.PageElement", "pk": 128
},
{
  "fields": {
    "orig_element": 126, "dest_element": 128,
    "rank": 2
  },
  "model": "pages.RelationShip", "pk": 128
},
{
  "fields": {
    "title": "8.7 Total Water recycled and reused",
    "slug": "water-recycled",
    "text_updated_at": "2026-01-01T00:00:00.000Z",
    "picture": "/static/img/data-metrics.png",
    "account": 2
  },
  "model": "pages.PageElement", "pk": 129
},
{
  "fields": {
    "rank": 2, "orig_element": 126, "dest_element": 129
  },
  "model": "pages.RelationShip", "pk": 129
},
{
  "fields": {
    "title": "General information",
    "slug": "general-information",
    "text_updated_at": "2026-01-01T00:00:00.000Z",
    "account": 2
  },
  "model": "pages.PageElement", "pk": 130
},
{
  "fields": {
    "rank": 56, "orig_element": 65, "dest_element": 130
  },
  "model": "pages.RelationShip", "pk": 130
},
{
  "fields": {
    "title": "6.1 North American Industry Classification (NAICS)",
    "slug": "naics-code",
    "text_updated_at": "2026-01-01T00:00:00.000Z",
    "picture": "/static/img/data-metrics.png",
    "account": 2
  },
  "model": "pages.PageElement", "pk": 133
},
{
  "fields": {
    "rank": 2, "orig_element": 130, "dest_element": 133
  },
  "model": "pages.RelationShip", "pk": 133
},

{
  "fields": {
    "title": "6.2 Reporting Organization's Annual Gross Revenue",
    "slug": "gross-revenue",
    "text_updated_at": "2026-01-01T00:00:00.000Z",
    "picture": "/static/img/data-metrics.png",
    "account": 2
  },
  "model": "pages.PageElement", "pk": 131
},
{
  "fields": {
    "rank": 1, "orig_element": 130, "dest_element": 131
  },
  "model": "pages.RelationShip", "pk": 131
},
{
  "fields": {
    "title": "6.3 Reporting organization's Full-time Employee Count",
    "slug": "fte-count",
    "text_updated_at": "2026-01-01T00:00:00.000Z",
    "picture": "/static/img/data-metrics.png",
    "account": 2
  },
  "model": "pages.PageElement", "pk": 132
},
{
  "fields": {
    "orig_element": 130, "dest_element": 132,
    "rank": 2
  },
  "model": "pages.RelationShip", "pk": 132
},

{
  "fields": {
    "title": "10.1 Does your company report total Energy consumed publicly?",
    "slug": "energy-publicly-reported",
    "text_updated_at": "2026-01-01T00:00:00.000Z",
    "picture": "/static/img/data-metrics.png",
    "account": 2
  },
  "model": "pages.PageElement", "pk": 135
},
{
  "fields": {
    "orig_element": 66, "dest_element": 135,
    "rank": 3
  },
  "model": "pages.RelationShip", "pk": 135
},
{
  "fields": {
    "title": "10.2 Have Energy data been third-party verified within last 2 years?",
    "slug": "energy-3rd-party-verified",
    "text_updated_at": "2026-01-01T00:00:00.000Z",
    "picture": "/static/img/data-metrics.png",
    "account": 2
  },
  "model": "pages.PageElement", "pk": 136
},
{
  "fields": {
    "orig_element": 66, "dest_element": 136,
    "rank": 4
  },
  "model": "pages.RelationShip", "pk": 136
},
{
  "fields": {
    "title": "10.5 Energy consumed",
    "slug": "energy-consumed",
    "text_updated_at": "2026-01-01T00:00:00.000Z",
    "picture": "/static/img/data-metrics.png",
    "account": 2
  },
  "model": "pages.PageElement", "pk": 137
},
{
  "fields": {
    "orig_element": 101, "dest_element": 137,
    "rank": 5
  },
  "model": "pages.RelationShip", "pk": 137
},
{
  "fields": {
    "title": "10.3 When do you expect to achieve your energy reduction target? (Please describe the target, or why you do not have a target, in comments)",
    "slug": "energy-target-by",
    "text_updated_at": "2026-01-01T00:00:00.000Z",
    "picture": "/static/img/data-metrics.png",
    "account": 2
  },
  "model": "pages.PageElement", "pk": 152
},
{
  "fields": {
    "orig_element": 65, "dest_element": 152,
    "rank": 1
  },
  "model": "pages.RelationShip", "pk": 152
},
{
  "fields": {
    "title": "7.3 When do you expect to achieve your Scope 1 GHG Emissions target? (Please describe the target, or why you do not have a target, in comments)",
    "slug": "ghg-emissions-scope1-target-by",
    "text_updated_at": "2026-01-01T00:00:00.000Z",
    "picture": "/static/img/data-metrics.png",
    "account": 2
  },
  "model": "pages.PageElement", "pk": 156
},
{
  "fields": {
    "orig_element": 65, "dest_element": 156,
    "rank": 2
  },
  "model": "pages.RelationShip", "pk": 156
},
{
  "fields": {
    "title": "7.4 Is your Scope 1 GHG Emissions target a science-based target, net-zero target, or other?",
    "slug": "ghg-emissions-scope1-science-based-target",
    "text_updated_at": "2026-01-01T00:00:00.000Z",
    "picture": "/static/img/data-metrics.png",
    "account": 2
  },
  "model": "pages.PageElement", "pk": 157
},
{
  "fields": {
    "orig_element": 65, "dest_element": 157,
    "rank": 2
  },
  "model": "pages.RelationShip", "pk": 157
},

{
  "fields": {
    "title": "7.5 If you have a Scope 1 GHG Emissions target, please describe plans in place and progress made towards your target (ex: % completion)?",
    "slug": "ghg-emissions-scope1-target-comments",
    "text_updated_at": "2026-01-01T00:00:00.000Z",
    "picture": "/static/img/data-metrics.png",
    "account": 2
  },
  "model": "pages.PageElement", "pk": 158
},
{
  "fields": {
    "orig_element": 65, "dest_element": 158,
    "rank": 2
  },
  "model": "pages.RelationShip", "pk": 158
},

{
  "fields": {
    "title": "7.9 When do you expect to achieve your Scope 2 GHG Emissions target? (Please describe the target, or why you do not have a target, in comments)",
    "slug": "ghg-emissions-scope2-target-by",
    "text_updated_at": "2026-01-01T00:00:00.000Z",
    "picture": "/static/img/data-metrics.png",
    "account": 2
  },
  "model": "pages.PageElement", "pk": 160
},
{
  "fields": {
    "orig_element": 65, "dest_element": 160,
    "rank": 2
  },
  "model": "pages.RelationShip", "pk": 160
},
{
  "fields": {
    "title": "7.10 Is your Scope 2 GHG Emissions target a science-based target, net-zero target, or other?",
    "slug": "ghg-emissions-scope2-science-based-target",
    "text_updated_at": "2026-01-01T00:00:00.000Z",
    "picture": "/static/img/data-metrics.png",
    "account": 2
  },
  "model": "pages.PageElement", "pk": 161
},
{
  "fields": {
    "orig_element": 65, "dest_element": 161,
    "rank": 2
  },
  "model": "pages.RelationShip", "pk": 161
},

{
  "fields": {
    "title": "Energy & GHG Emissions improvement planning and execution",
    "slug": "ghg-emissions-scope1-target",
    "text_updated_at": "2026-01-01T00:00:00.000Z",
    "account": 2
  },
  "model": "pages.PageElement", "pk": 155
},
{
  "fields": {
    "rank": 79, "orig_element": 66, "dest_element": 155
  },
  "model": "pages.RelationShip", "pk": 155
},

{
  "fields": {
    "title": "7.11 If you have a Scope 2 GHG Emissions target, please describe plans in place and progress made towards your target (ex: % completion)?",
    "slug": "ghg-emissions-scope2-target-comments",
    "text_updated_at": "2026-01-01T00:00:00.000Z",
    "picture": "/static/img/data-metrics.png",
    "account": 2
  },
  "model": "pages.PageElement", "pk": 162
},
{
  "fields": {
    "orig_element": 155, "dest_element": 162,
    "rank": 2
  },
  "model": "pages.RelationShip", "pk": 162
},
{
  "fields": {
    "title": "10.4 If you have an energy reduction target, please describe plans in place and progress made towards your target (ex: % completion)?",
    "slug": "energy-improvement-target-comments",
    "text_updated_at": "2026-01-01T00:00:00.000Z",
    "picture": "/static/img/data-metrics.png",
    "account": 2
  },
  "model": "pages.PageElement", "pk": 153
},
{
  "fields": {
    "orig_element": 155, "dest_element": 153,
    "rank": 1
  },
  "model": "pages.RelationShip", "pk": 153
},

{
  "fields": {
    "title": "Scope 3 improvement planning and execution",
    "slug": "ghg-emissions-scope3-target",
    "text_updated_at": "2026-01-01T00:00:00.000Z",
    "account": 2
  },
  "model": "pages.PageElement", "pk": 163
},
{
  "fields": {
    "rank": 110, "orig_element": 90, "dest_element": 163
  },
  "model": "pages.RelationShip", "pk": 163
},
{
  "fields": {
    "title": "When do you expect to achieve your Scope 3 GHG Emissions target? (Please describe the target, or why you do not have a target, in comments)",
    "slug": "ghg-emissions-scope3-target-by",
    "text_updated_at": "2026-01-01T00:00:00.000Z",
    "picture": "/static/img/data-metrics.png",
    "account": 2
  },
  "model": "pages.PageElement", "pk": 164
},
{
  "fields": {
    "rank": 2, "orig_element": 90, "dest_element": 164
  },
  "model": "pages.RelationShip", "pk": 164
},
{
  "fields": {
    "title": "Is this a science-based target, net-zero target, or other?",
    "slug": "ghg-emissions-scope3-science-based-target",
    "text_updated_at": "2026-01-01T00:00:00.000Z",
    "picture": "/static/img/data-metrics.png",
    "account": 2
  },
  "model": "pages.PageElement", "pk": 165
},
{
  "fields": {
    "rank": 2, "orig_element": 90, "dest_element": 165
  },
  "model": "pages.RelationShip", "pk": 165
},
{
  "fields": {
    "title": "If yes, What progress has been made on your target (%)?",
    "slug": "ghg-emissions-scope3-target-comments",
    "text_updated_at": "2026-01-01T00:00:00.000Z",
    "picture": "/static/img/data-metrics.png",
    "account": 2
  },
  "model": "pages.PageElement", "pk": 166
},
{
  "fields": {
    "orig_element": 163, "dest_element": 166,
    "rank": 2
  },
  "model": "pages.RelationShip", "pk": 166
},
{
  "fields": {
    "title": "Waste improvement planning and execution",
    "slug": "waste-target",
    "text_updated_at": "2026-01-01T00:00:00.000Z",
    "picture": "/static/img/waste.png",
    "account": 2
  },
  "model": "pages.PageElement", "pk": 167
},
{
  "fields": {
    "rank": 116, "orig_element": 73, "dest_element": 167
  },
  "model": "pages.RelationShip", "pk": 167
},
{
  "fields": {
    "title": "9.3 When do you expect to achieve your waste reduction target? (Please describe the target, or why you do not have a target, in comments)",
    "slug": "waste-target-by",
    "text_updated_at": "2026-01-01T00:00:00.000Z",
    "picture": "/static/img/data-metrics.png",
    "account": 2
  },
  "model": "pages.PageElement", "pk": 168
},
{
  "fields": {
    "orig_element": 73, "dest_element": 168,
    "rank": 4
  },
  "model": "pages.RelationShip", "pk": 168
},
{
  "fields": {
    "title": "9.4 If you have a waste reduction target, please describe plans in place and progress made towards your target (ex: % completion)?",
    "slug": "waste-target-comments",
    "text_updated_at": "2026-01-01T00:00:00.000Z",
    "picture": "/static/img/data-metrics.png",
    "account": 2
  },
  "model": "pages.PageElement", "pk": 169
},
{
  "fields": {
    "orig_element": 167, "dest_element": 169,
    "rank": 4
  },
  "model": "pages.RelationShip", "pk": 169
},
{
  "fields": {
    "title": "Water use improvement planning and execution",
    "slug": "water-target",
    "text_updated_at": "2026-01-01T00:00:00.000Z",
    "picture": "/static/img/water.png",
    "account": 2
  },
  "model": "pages.PageElement", "pk": 170
},
{
  "fields": {
    "rank": 123, "orig_element": 76, "dest_element": 170
  },
  "model": "pages.RelationShip", "pk": 170
},
{
  "fields": {
    "title": "8.3 When do you expect to achieve your water use target? (Please describe the target, or why you do not have a target, in comments)",
    "slug": "water-target-by",
    "text_updated_at": "2026-01-01T00:00:00.000Z",
    "picture": "/static/img/data-metrics.png",
    "account": 2
  },
  "model": "pages.PageElement", "pk": 171
},
{
  "fields": {
    "rank": 3, "orig_element": 76, "dest_element": 171
  },
  "model": "pages.RelationShip", "pk": 171
},
{
  "fields": {
    "title": "8.4 If you have a water use target, please describe plans in place and progress made towards your target (ex: % completion)?",
    "slug": "water-target-comments",
    "text_updated_at": "2026-01-01T00:00:00.000Z",
    "picture": "/static/img/data-metrics.png",
    "account": 2
  },
  "model": "pages.PageElement", "pk": 172
},
{
  "fields": {
    "orig_element": 170, "dest_element": 172,
    "rank": 3
  },
  "model": "pages.RelationShip", "pk": 172
},


{
  "fields": {
    "title": "11.3 Does your company have a target for diverse spend publicly communicated?",
    "slug": "diverse-spend",
    "text_updated_at": "2026-01-01T00:00:00.000Z",
    "picture": "/static/img/etc.png",
    "account": 2
  },
  "model": "pages.PageElement", "pk": 173
},
{
  "fields": {
    "orig_element": 79, "dest_element": 173
  },
  "model": "pages.RelationShip", "pk": 173
},


{
  "fields": {
    "title": "Diverse spend and/or representation improvement planning and execution",
    "slug": "diverse-target",
    "text_updated_at": "2026-01-01T00:00:00.000Z",
    "picture": "/static/img/etc.png",
    "account": 2
  },
  "model": "pages.PageElement", "pk": 174
},
{
  "fields": {
    "rank": 140, "orig_element": 79, "dest_element": 174
  },
  "model": "pages.RelationShip", "pk": 174
},
{
  "fields": {
    "title": "11.6 When do you expect to achieve your diverse spend and/or representation target? (Please describe the target, or why you do not have a target, in comments)",
    "slug": "diverse-target-by",
    "text_updated_at": "2026-01-01T00:00:00.000Z",
    "picture": "/static/img/data-metrics.png",
    "account": 2
  },
  "model": "pages.PageElement", "pk": 175
},
{
  "fields": {
    "rank": 4, "orig_element": 79, "dest_element": 175
  },
  "model": "pages.RelationShip", "pk": 175
},
{
  "fields": {
    "title": "11.7 If you have a diverse spend and/or representation target, please describe plans in place and progress made towards your target (ex: % completion)?",
    "slug": "diverse-target-comments",
    "text_updated_at": "2026-01-01T00:00:00.000Z",
    "picture": "/static/img/data-metrics.png",
    "account": 2
  },
  "model": "pages.PageElement", "pk": 176
},
{
  "fields": {
    "orig_element": 174, "dest_element": 176
  },
  "model": "pages.RelationShip", "pk": 176
},
{
  "fields": {
    "title": "11.4 If your company has a target for diverse spend, does your company define diverse suppliers as ...",
    "slug": "diverse-target-definition",
    "text_updated_at": "2026-01-01T00:00:00.000Z",
    "picture": "/static/img/data-metrics.png",
    "account": 2
  },
  "model": "pages.PageElement", "pk": 177
},
{
  "fields": {
    "rank": 136, "orig_element": 174, "dest_element": 177
  },
  "model": "pages.RelationShip", "pk": 177
},
{
  "fields": {
    "title": "11.4a ... disability-owned bussinesses?",
    "slug": "diverse-target-definition-disability-owned",
    "text_updated_at": "2026-01-01T00:00:00.000Z",
    "picture": "/static/img/data-metrics.png",
    "account": 2
  },
  "model": "pages.PageElement", "pk": 178
},
{
  "fields": {
    "orig_element": 177, "dest_element": 178, "rank": 1
  },
  "model": "pages.RelationShip", "pk": 178
},
{
  "fields": {
    "title": "11.4b ... HUBZone businesses",
    "slug": "diverse-target-definition-hubzone",
    "text_updated_at": "2026-01-01T00:00:00.000Z",
    "picture": "/static/img/data-metrics.png",
    "account": 2
  },
  "model": "pages.PageElement", "pk": 179
},
{
  "fields": {
    "orig_element": 177, "dest_element": 179, "rank": 2
  },
  "model": "pages.RelationShip", "pk": 179
},
{
  "fields": {
    "title": "11.4c ... LGBT-owned businesses",
    "slug": "diverse-target-definition-lgbt-owned",
    "text_updated_at": "2026-01-01T00:00:00.000Z",
    "picture": "/static/img/data-metrics.png",
    "account": 2
  },
  "model": "pages.PageElement", "pk": 180
},
{
  "fields": {
    "orig_element": 177, "dest_element": 180, "rank": 3
  },
  "model": "pages.RelationShip", "pk": 180
},
{
  "fields": {
    "title": "11.4d ... minority-owned businesses",
    "slug": "diverse-target-definition-minority-owned",
    "text_updated_at": "2026-01-01T00:00:00.000Z",
    "picture": "/static/img/data-metrics.png",
    "account": 2
  },
  "model": "pages.PageElement", "pk": 181
},
{
  "fields": {
    "orig_element": 177, "dest_element": 181, "rank": 4
  },
  "model": "pages.RelationShip", "pk": 181
},
{
  "fields": {
    "title": "11.4e ... service-disable veteran businesses",
    "slug": "diverse-target-definition-service-disable-veteran",
    "text_updated_at": "2026-01-01T00:00:00.000Z",
    "picture": "/static/img/data-metrics.png",
    "account": 2
  },
  "model": "pages.PageElement", "pk": 182
},
{
  "fields": {
    "orig_element": 177, "dest_element": 182, "rank": 5
  },
  "model": "pages.RelationShip", "pk": 182
},
{
  "fields": {
    "title": "11.4f ... small businesses (by revenue)",
    "slug": "diverse-target-definition-small-business-revenue",
    "text_updated_at": "2026-01-01T00:00:00.000Z",
    "picture": "/static/img/data-metrics.png",
    "account": 2
  },
  "model": "pages.PageElement", "pk": 183
},
{
  "fields": {
    "orig_element": 177, "dest_element": 183, "rank": 6
  },
  "model": "pages.RelationShip", "pk": 183
},
{
  "fields": {
    "title": "11.4g ... small businesses (by employees)",
    "slug": "diverse-target-definition-small-business-employee",
    "text_updated_at": "2026-01-01T00:00:00.000Z",
    "picture": "/static/img/data-metrics.png",
    "account": 2
  },
  "model": "pages.PageElement", "pk": 184
},
{
  "fields": {
    "orig_element": 177, "dest_element": 184, "rank": 7
  },
  "model": "pages.RelationShip", "pk": 184
},
{
  "fields": {
    "title": "11.4h ... small disadvantaged businesses",
    "slug": "diverse-target-definition-small-disadvantaged",
    "text_updated_at": "2026-01-01T00:00:00.000Z",
    "picture": "/static/img/data-metrics.png",
    "account": 2
  },
  "model": "pages.PageElement", "pk": 185
},
{
  "fields": {
    "orig_element": 177, "dest_element": 185, "rank": 8
  },
  "model": "pages.RelationShip", "pk": 185
},
{
  "fields": {
    "title": "11.4i ...  veteran-owned businesses",
    "slug": "diverse-target-definition-veteran-owned",
    "text_updated_at": "2026-01-01T00:00:00.000Z",
    "picture": "/static/img/data-metrics.png",
    "account": 2
  },
  "model": "pages.PageElement", "pk": 186
},
{
  "fields": {
    "orig_element": 177, "dest_element": 186, "rank": 9
  },
  "model": "pages.RelationShip", "pk": 186
},
{
  "fields": {
    "title": "11.4j ... woman-owned businesses",
    "slug": "diverse-target-definition-woman-owned",
    "text_updated_at": "2026-01-01T00:00:00.000Z",
    "picture": "/static/img/data-metrics.png",
    "account": 2
  },
  "model": "pages.PageElement", "pk": 187
},
{
  "fields": {
    "orig_element": 177, "dest_element": 187, "rank": 10
  },
  "model": "pages.RelationShip", "pk": 187
},

{
  "fields": {
    "title": "11.5 If your company has a target for diverse spend, does your company require third-party certification to verify a supplier diverse status?",
    "slug": "diverse-target-verification",
    "text_updated_at": "2026-01-01T00:00:00.000Z",
    "picture": "/static/img/data-metrics.png",
    "account": 2
  },
  "model": "pages.PageElement", "pk": 188
},
{
  "fields": {
    "orig_element": 174, "dest_element": 188
  },
  "model": "pages.RelationShip", "pk": 188
},
{
  "fields": {
    "title": "Verification",
    "slug": "sustainability-verified",
    "text_updated_at": "2026-01-01T00:00:00.000Z",
    "picture": "/static/img/management-basics.png",
    "account": 2,
    "extra": "{\"tags\":[\"verify\"]}"
  },
  "model": "pages.PageElement", "pk": 189
},
{
  "fields": {
    "rank": 10,
    "orig_element": 1, "dest_element": 189
  },
  "model": "pages.RelationShip", "pk": 189
},
{
  "fields": {
    "title": "(3) The company has a formalized ESG strategy",
    "slug": "formalized-esg-strategy-verified",
    "text_updated_at": "2026-01-01T00:00:00.000Z",
    "picture": "/static/img/management-basics.png",
    "account": 2,
    "extra": "{\"tags\":[\"verify\"]}"
  },
  "model": "pages.PageElement", "pk": 190
},
{
  "fields": {
    "orig_element": 189, "dest_element": 190
  },
  "model": "pages.RelationShip", "pk": 190
},
{
  "fields": {
    "title": "(3) The company reports environmental metrics",
    "slug": "report-environmental-metrics-verified",
    "text_updated_at": "2026-01-01T00:00:00.000Z",
    "picture": "/static/img/management-basics.png",
    "account": 2,
    "extra": "{\"tags\":[\"verify\"]}"
  },
  "model": "pages.PageElement", "pk": 191
},
{
  "fields": {
    "orig_element": 189, "dest_element": 191
  },
  "model": "pages.RelationShip", "pk": 191
},

{
  "fields": {
    "title": "Metal structures & equipment",
    "slug": "metal",
    "text_updated_at": "2026-01-01T00:00:00.000Z",
    "extra": "{\"visibility\":[\"public\"]}",
    "account": 2
  },
  "model": "pages.PageElement", "pk": 200
},
{
  "fields": {
    "title": "Boxes & enclosures",
    "slug": "boxes-and-enclosures",
    "text_updated_at": "2026-01-01T00:00:00.000Z",
    "extra": "{\"layouts\":[\"sustainability\"],\"pagebreak\":true,\"searchable\":true,\"tags\":[\"scorecard\"],\"visibility\":[\"public\"]}",
    "account": 2
  },
  "model": "pages.PageElement", "pk": 201
},
{
  "fields": {
    "orig_element": 200, "dest_element": 201
  },
  "model": "pages.RelationShip", "pk": 200
},

{
  "fields": {
    "title": "Production",
    "slug": "production",
    "text_updated_at": "2026-01-01T00:00:00.000Z",
    "picture": "/static/img/production.png",
    "extra": "{\"searchable\":true,\"tags\":[\"scorecard\"],\"visibility\":[\"public\"]}",
    "account": 2
  },
  "model": "pages.PageElement", "pk": 202
},
{
  "fields": {
    "orig_element": 201, "dest_element": 202,
    "rank": 4
  },
  "model": "pages.RelationShip", "pk": 201
},
{
  "fields": {
    "title": "Energy Efficiency",
    "slug": "energy-efficiency",
    "text_updated_at": "2026-01-01T00:00:00.000Z",
    "extra": "{\"searchable\":true,\"visibility\":[\"public\"],\"pagebreak\":true,\"layouts\":[\"sustainability\"]}",
    "account": 2
  },
  "model": "pages.PageElement", "pk": 203
},
{
  "fields": {
    "orig_element": 202, "dest_element": 203,
    "rank": 4
  },
  "model": "pages.RelationShip", "pk": 202
},
{
  "fields": {
    "title": "Process heating",
    "slug": "process-heating",
    "text_updated_at": "2026-01-01T00:00:00.000Z",
    "picture": "/static/img/fuel-pump.png",
    "extra": "{\"searchable\":true,\"visibility\":[\"public\"]}",
    "account": 2
  },
  "model": "pages.PageElement", "pk": 204
},
{
  "fields": {
    "orig_element": 203, "dest_element": 204
  },
  "model": "pages.RelationShip", "pk": 203
},
{
  "fields": {
    "title": "Combustion",
    "slug": "combustion",
    "text_updated_at": "2026-01-01T00:00:00.000Z",
    "extra": "{\"searchable\":true,\"visibility\":[\"public\"]}",
    "account": 2
  },
  "model": "pages.PageElement", "pk": 205
},
{
  "fields": {
    "orig_element": 204, "dest_element": 205
  },
  "model": "pages.RelationShip", "pk": 204
},
{
  "fields": {
    "title": "Adjust air/fuel ratio",
    "slug": "adjust-air-fuel-ratio",
    "text_updated_at": "2026-01-01T00:00:00.000Z",
    "extra": "{\"searchable\":true,\"visibility\":[\"public\"],\"tags\":[\"Energy & Emissions\"]}",
    "account": 2,
    "text": "<h2>Background</h2><p>Some manufacturing processes may involve heating operations.</p>"
  },
  "model": "pages.PageElement", "pk": 206
},
{
  "fields": {
    "orig_element": 205, "dest_element": 206
  },
  "model": "pages.RelationShip", "pk": 205
},

{
  "fields": {
    "title": "Construction",
    "slug": "construction",
    "text_updated_at": "2026-01-01T00:00:00.000Z",
    "extra": "{\"layouts\":[\"sustainability\"],\"pagebreak\":true,\"searchable\":true,\"tags\":[\"scorecard\"],\"visibility\":[\"public\"]}",
    "account": 2,
    "text": "Organizations categorized under NAICS code 237 (Heavy and Civil Engineering Construction), 238 (Specialty Trade Contractors), 23620 (Commercial and Institutional Building Construction). Examples:\n\n- Building/facilities construction\n- Hard surface installation/repair\n- Overhead construction\n- Underground construction\n"
  },
  "model": "pages.PageElement", "pk": 210
},
{
  "fields": {
    "title": "Production",
    "slug": "consprod",
    "text_updated_at": "2026-01-01T00:00:00.000Z",
    "picture": "/static/img/production.png",
    "extra": "{\"searchable\":true,\"visibility\":[\"public\"]}",
    "account": 2
  },
  "model": "pages.PageElement", "pk": 211
},
{
  "fields": {
    "orig_element": 210, "dest_element": 211,
    "rank": 1
  },
  "model": "pages.RelationShip", "pk": 210
},
{
  "fields": {
    "orig_element": 211, "dest_element": 206,
    "rank": 1
  },
  "model": "pages.RelationShip", "pk": 211
},


{
  "fields": {
    "title": "Utility procurement",
    "slug": "procurement",
    "text_updated_at": "2026-01-01T00:00:00.000Z",
    "extra": "{\"searchable\":true,\"visibility\":[\"tier1-members\"],\"pagebreak\":true}",
    "account": 3
  },
  "model": "pages.PageElement", "pk": 300
},
{
  "fields": {
    "orig_element": 300, "dest_element": 202,
    "rank": 4
  },
  "model": "pages.RelationShip", "pk": 300
},
{
  "fields": {
    "title": "Cybersecurity framework",
    "slug": "framework",
    "text_updated_at": "2026-01-01T00:00:00.000Z",
    "extra": "{\"visibility\":[\"tier1-members\"],\"pagebreak\":true}",
    "account": 3
  },
  "model": "pages.PageElement", "pk": 400
},
{
  "fields": {
    "title": "Governance & management",
    "slug": "framework-governance",
    "text_updated_at": "2026-01-01T00:00:00.000Z",
    "picture": "/static/img/management-basics.png",
    "account": 2
  },
  "model": "pages.PageElement", "pk": 401
},
{
  "fields": {
    "rank": 1, "orig_element": 400, "dest_element": 401
  },
  "model": "pages.RelationShip", "pk": 401
},
{
  "fields": {
    "title": "Responsability and Authority",
    "slug": "framework-responsability-authority",
    "text_updated_at": "2026-01-01T00:00:00.000Z",
    "account": 2
  },
  "model": "pages.PageElement", "pk": 402
},
{
  "fields": {
    "orig_element": 401, "dest_element": 402,
    "rank": 1
  },
  "model": "pages.RelationShip", "pk": 402
},
{
  "fields": {
    "title": "Has your company assigned formal responsibility for directing and overseeing ESG performance to top/executive management, and designatied a point person(s) responsible for implementing requirements and commitments.",
    "slug": "framework-assign-formal-authority",
    "text_updated_at": "2026-01-01T00:00:00.000Z",
    "picture": "/static/img/management-basics.png",
    "account": 2
  },
  "model": "pages.PageElement", "pk": 403
},
{
  "fields": {
    "orig_element": 402, "dest_element": 403
  },
  "model": "pages.RelationShip", "pk": 403
},
{
  "fields": {
    "title": "Report internally, including to top management, on strategy: key ESG issues (revealed by materiality analysis), risk and crisis mitigation, progress toward goals, and plans/needs to address shortfalls.",
    "slug": "framework-report-internally",
    "text_updated_at": "2026-01-01T00:00:00.000Z",
    "picture": "/static/img/management-basics.png",
    "account": 2
  },
  "model": "pages.PageElement", "pk": 404
},
{
  "fields": {
    "orig_element": 402, "dest_element": 404
  },
  "model": "pages.RelationShip", "pk": 404
},
{
  "fields": {
    "title": "Additional information",
    "slug": "framework-additional",
    "text_updated_at": "2026-01-01T00:00:00.000Z",
    "account": 2
  },
  "model": "pages.PageElement", "pk": 410
},
{
  "fields": {
    "orig_element": 400, "dest_element": 410,
    "rank": 2
  },
  "model": "pages.RelationShip", "pk": 410
},
{
  "fields": {
    "title": "What are your primary concerns for the next year?",
    "slug": "framework-concerns",
    "text_updated_at": "2026-01-01T00:00:00.000Z",
    "account": 2
  },
  "model": "pages.PageElement", "pk": 412
},
{
  "fields": {
    "orig_element": 410, "dest_element": 412
  },
  "model": "pages.RelationShip", "pk": 412
},


{
  "fields": {
    "title": "Alliance Tier1 Member Knowledge Base",
    "slug": "tier1-members",
    "text_updated_at": "2026-01-01T00:00:00.000Z",
    "extra": "{\"searchable\":true,\"visibility\":[\"tier1-members\"]}",
    "account": 3
  },
  "model": "pages.PageElement", "pk": 500
},
{
  "fields": {
    "title": "Alliance Tier2 Member Knowledge Base",
    "slug": "tier2-members",
    "text_updated_at": "2026-01-01T00:00:00.000Z",
    "extra": "{\"searchable\":true,\"visibility\":[\"tier2-members\"]}",
    "account": 3
  },
  "model": "pages.PageElement", "pk": 600
},


{
  "fields": {
    "title": "Webinar on Sustainability",
    "slug": "sustainability-webinar",
    "text_updated_at": "2026-01-01T00:00:00.000Z",
    "extra": "{\"searchable\":true,\"visibility\":[\"public\"]}",
    "account": 2,
    "text": "<h2>Join our Webinar!</h2><p>Learn about sustainability practices.</p>"
  },
      "model": "pages.PageElement", "pk": 192
},
{
  "fields": {
    "title": "Certificate of Completion",
    "slug": "certificate-of-completion",
    "text_updated_at": "2026-01-01T00:00:00.000Z",
    "extra": "{\"searchable\":true,\"visibility\":[\"public\"]}",
    "account": 2,
    "text": "<h2>Congratulations!</h2><p>You have completed the course.</p>"
  },
      "model": "pages.PageElement", "pk": 193
},
{
  "fields": {
    "title": "Sequence without Certificate",
    "slug": "seq",
    "account": 2,
    "has_certificate": false,
    "created_at": "2026-01-01T00:00:00Z"
  },
  "model": "pages.Sequence", "pk": 101
},
{
    "fields": {
      "sequence": 101,
      "content": 90,
      "rank": 1,
      "min_viewing_duration": "00:00:10"
    },
  "model": "pages.EnumeratedElements", "pk": 101
},
{
    "fields": {
      "sequence": 101,
      "content": 101,
      "rank": 2,
      "min_viewing_duration": "00:00:20"
    },
  "model": "pages.EnumeratedElements", "pk": 102
},
{
    "fields": {
      "sequence": 101,
      "content": 103,
      "rank": 3,
      "min_viewing_duration": "00:00:30"
    },
  "model": "pages.EnumeratedElements", "pk": 103
},
{
  "fields": {
    "title": "Sequence with Certificate",
    "slug": "ghg-accounting-training",
    "account": 2,
    "has_certificate": true,
    "created_at": "2026-01-02T00:00:00Z"
  },
    "model": "pages.Sequence", "pk": 102
},
{
  "fields": {
    "sequence": 102,
    "content": 90,
    "rank": 1,
    "min_viewing_duration": "00:00:10"
  },
    "model": "pages.EnumeratedElements", "pk": 104
},
{
  "fields": {
    "sequence": 102,
    "content": 101,
    "rank": 2,
    "min_viewing_duration": "00:00:20"
  },
    "model": "pages.EnumeratedElements", "pk": 105
},
{
  "fields": {
    "sequence": 102,
    "content": 193,
    "rank": 3,
    "min_viewing_duration": "00:00:30"
  },
    "model": "pages.EnumeratedElements",   "pk": 106
},
{
  "fields": {
    "title": "Sequence with Certificate And Live Event",
    "slug": "seq-cert-live-event",
    "account": 3,
    "has_certificate": true,
    "created_at": "2026-01-03T00:00:00Z"
  },
    "model": "pages.Sequence", "pk": 103
},
{
  "fields": {
    "sequence": 103,
    "content": 90,
    "rank": 1,
    "min_viewing_duration": "00:00:10"
  },
    "model": "pages.EnumeratedElements", "pk": 107
},
{
    "fields": {
      "element": 90,
      "created_at": "2026-03-15T10:00:00Z",
      "scheduled_at": "2026-04-10T15:00:00Z",
      "location": "http://127.0.0.1:8000/webinar/sustainability",
      "max_attendees": 100,
      "extra": "{}"
    },
    "model": "pages.LiveEvent", "pk": 200
},
{
  "fields": {
    "sequence": 103,
    "content": 101,
    "rank": 2,
    "min_viewing_duration": "00:00:20"
  },
    "model": "pages.EnumeratedElements", "pk": 108
},
{
  "fields": {
    "sequence": 103,
    "content": 192,
    "rank": 3,
    "min_viewing_duration": "00:00:30"
  },
    "model": "pages.EnumeratedElements",   "pk": 109
},
{
  "fields": {
    "sequence": 103,
    "content": 193,
    "rank": 4,
    "min_viewing_duration": "00:00:00"
  },
    "model": "pages.EnumeratedElements",   "pk": 110
},


{
  "fields": {
    "title": "Text Content",
    "slug": "text-content",
    "text_updated_at": "2026-01-01T00:00:00.000Z",
    "text": "<p>Some text content here.</p>",
    "account": 2
  },
  "model": "pages.PageElement", "pk": 700
},
{
  "fields": {
    "title": "Survey Event",
    "slug": "survey-event",
    "text_updated_at": "2026-01-01T00:00:00.000Z",
    "text": "<p>Survey details here.</p>",
    "account": 2
  },
  "model": "pages.PageElement", "pk": 701
},
{
  "fields": {
    "title": "Live Webinar Event",
    "slug": "live-webinar-event",
    "text_updated_at": "2026-01-01T00:00:00.000Z",
    "text": "<p>Details about the webinar.</p>",
    "account": 2
  },
  "model": "pages.PageElement", "pk": 702
},
{
  "fields": {
    "title": "Certificate of Completion",
    "slug": "certificate-completion",
    "text_updated_at": "2026-01-01T00:00:00.000Z",
    "text": "<p>Certificate details here.</p>",
    "account": 2
  },
  "model": "pages.PageElement", "pk": 703
},
{
  "fields": {
    "element": 701,
    "created_at": "2026-03-20T12:00:00Z",
    "campaign": 1,
    "extra": "{\"questionnaire_id\":123, \"additional_info\":\"Survey extra data\"}"
  },
  "model": "djaopsp.SurveyEvent", "pk": 700
},
{
  "fields": {
    "element": 702,
    "created_at": "2026-03-21T15:00:00Z",
    "scheduled_at": "2026-04-15T15:00:00Z",
    "location": "http://127.0.0.1:8000/webinar/live-event",
    "max_attendees": 100,
    "extra": "{}"
  },
  "model": "pages.LiveEvent", "pk": 701
},
{
  "fields": {
    "title": "Sequence with Various Elements",
    "slug": "seq-various-elements",
    "account": 2,
    "has_certificate": true,
    "created_at": "2026-01-04T00:00:00Z"
  },
  "model": "pages.Sequence", "pk": 104
},
{
  "fields": {
    "sequence": 104,
    "content": 700,
    "rank": 1,
    "min_viewing_duration": "00:00:10"
  },
  "model": "pages.EnumeratedElements", "pk": 111
},
{
  "fields": {
    "sequence": 104,
    "content": 701,
    "rank": 2,
    "min_viewing_duration": "00:00:20"
  },
  "model": "pages.EnumeratedElements", "pk": 112
},
{
  "fields": {
    "sequence": 104,
    "content": 702,
    "rank": 3,
    "min_viewing_duration": "00:00:30"
  },
  "model": "pages.EnumeratedElements", "pk": 113
},
{
  "fields": {
    "sequence": 104,
    "content": 703,
    "rank": 4,
    "min_viewing_duration": "00:00:00"
  },
  "model": "pages.EnumeratedElements", "pk": 114
}]
