[
{ "fields" : {
    "slug": "djaopsp",
    "full_name": "DjaoDjin"
  },
  "model" : "djaopsp.account", "pk" : 2
},
{ "fields" : {
    "slug": "alliance",
    "full_name": "Alliance"
  },
  "model" : "djaopsp.account", "pk" : 3
},
{ "fields" : {
    "slug": "energy-utility",
    "full_name": "Energy Utility"
  },
  "model" : "djaopsp.account", "pk" : 4
},
{ "fields" : {
    "slug": "janice-shop",
    "full_name": "Janice Shop"
  },
  "model" : "djaopsp.account", "pk" : 5
},
{ "fields" : {
    "slug": "supplier-1",
    "full_name": "S1 - Tamerin (Demo)"
  },
  "model" : "djaopsp.account", "pk" : 6
},
{ "fields": {
    "slug": "assessment",
    "title": "Assessment",
    "system": 3
  },
  "model" : "survey.unit", "pk" : 1
},
{ "fields": {
    "slug": "points",
    "title": "Points",
    "system": 2
  },
  "model" : "survey.unit", "pk" : 2
},
{ "fields": {
    "slug": "freetext",
    "title": "Free text",
    "system": 4
  },
  "model" : "survey.unit", "pk" : 3
},
{ "fields": {
    "slug": "yes-no",
    "title": "Yes/No",
    "system": 3
  },
  "model" : "survey.unit", "pk" : 4
},
{ "fields": {
    "slug": "kwh",
    "title": "Kilowatt-hour (kWh)",
    "system": 0
  },
  "model" : "survey.unit", "pk" : 5
},
{ "fields": {
    "slug": "tons",
    "title": "Metric Tons",
    "system": 0
  },
  "model" : "survey.unit", "pk" : 6
},
{ "fields": {
    "slug": "gallons",
    "title": "US Gallons",
    "system": 1
  },
  "model" : "survey.unit", "pk" : 7
},
{ "fields": {
    "unit": 1,
    "rank": 1,
    "text": "Yes",
    "descr": "The practice is implemented across all activities/services/products/offices/ facilities to which it could apply."
  },
  "model" : "survey.choice", "pk" : 1
},
{ "fields": {
    "unit": 1,
    "rank": 2,
    "text": "Mostly yes",
    "descr": "The practice is implemented across roughly 50% OR MORE of the activities/services/products/offices/ facilities to which it could apply."
  },
  "model" : "survey.choice", "pk" : 2
},
{ "fields": {
    "unit": 1,
    "rank": 3,
    "text": "Mostly no",
    "descr": "The practice is implemented across roughly 50% OR LESS of the activities/services/products/offices/ facilities to which it could apply."
  },
  "model" : "survey.choice", "pk" : 3
},
{ "fields": {
    "unit": 1,
    "rank": 4,
    "text": "No",
    "descr": "The practice is implemented across negligible to no activities/services/products/offices/ facilities to which it could apply."
  },
  "model" : "survey.choice", "pk" : 4
},
{ "fields": {
    "unit": 1,
    "rank": 5,
    "text": "Not applicable",
    "descr": "The practice is not applicable to the organization, or the organization has no influence or control over its implementation."
  },
  "model" : "survey.choice", "pk" : 5
},
{ "fields": {
    "unit": 4,
    "rank": 1,
    "text": "Yes",
    "descr": "Yes"
  },
  "model" : "survey.choice", "pk" : 6
},
{ "fields": {
    "unit": 4,
    "rank": 1,
    "text": "No",
    "descr": "No"
  },
  "model" : "survey.choice", "pk" : 7
},
{ "fields": {
    "slug": "framework",
    "title": "Framework",
    "system": 3
  },
  "model" : "survey.unit", "pk" : 8
},
{ "fields": {
    "unit": 8,
    "rank": 1,
    "text": "Initiating"
  },
  "model" : "survey.choice", "pk" : 8
},
{ "fields": {
    "unit": 8,
    "rank": 2,
    "text": "Progressing"
  },
  "model" : "survey.choice", "pk" : 9
},
{ "fields": {
    "unit": 8,
    "rank": 3,
    "text": "Optimizing"
  },
  "model" : "survey.choice", "pk" : 10
},
{ "fields": {
    "unit": 8,
    "rank": 4,
    "text": "Leading"
  },
  "model" : "survey.choice", "pk" : 11
},
{ "fields": {
    "unit": 8,
    "rank": 5,
    "text": "Transforming"
  },
  "model" : "survey.choice", "pk" : 12
},
{ "fields": {
    "unit": 8,
    "rank": 6,
    "text": "Do not know"
  },
  "model" : "survey.choice", "pk" : 13
},
{ "fields" : {
    "slug" : "sustainability",
    "title" : "Sustainability",
    "created_at": "2022-01-01",
    "description" : "Assessment of practices around sustainability",
    "account": 2,
    "active": true,
    "extra": "{\"visibility\":[\"public\"],\"highlights\":[{\"includes\":[\"formalized-esg-strategy\"],\"picture\":\"static/img/other.png\",\"text\":\"formalized targets\"}, {\"includes\":[\"report-internally\",\"report-externally\"],\"picture\":\"static/img/data-metrics.png\",\"text\":\"tracking sustainability metrics\"}, {\"includes\":[\"energy-publicly-reported\",\"ghg-emissions-publicly-reported\",\"water-publicly-reported\",\"waste-publicly-reported\"],\"picture\":\"static/img/lighting.png\",\"text\":\"reporting data publicly\"}, {\"includes\":[\"energy-3rd-party-verified\",\"ghg-emissions-3rd-party-verified\",\"water-3rd-party-verified\",\"waste-3rd-party-verified\"],\"picture\":\"static/img/lighting.png\",\"text\":\"data metrics third-party verified\"}]}"
  },
  "model" : "survey.campaign", "pk" : 1
},
{ "fields" : {
    "slug" : "framework",
    "title" : "Cybersecurity framework",
    "created_at": "2022-01-01",
    "description" : "Assessment of practices around cybersecurity",
    "account" : 3,
    "active": true,
    "extra": "{\"visibility\":[\"tier1-members\"]}"
  },
  "model" : "survey.campaign", "pk" : 2
},
{
  "fields": {
    "title": "Core Environmental, Social and Governance Assessment",
    "slug": "sustainability",
    "extra": "{\"pagebreak\":true,\"visibility\":[\"public\"]}",
    "account": 2
  },
  "model": "pages.PageElement", "pk": 1
},
{
  "fields": {
    "title": "Governance & management",
    "slug": "governance-management",
    "picture": "/static/img/management-basics.png",
    "account": 2
  },
  "model": "pages.PageElement", "pk": 2
},
{
  "fields": {
    "orig_element": 1, "dest_element": 2
  },
  "model": "pages.RelationShip", "pk": 1
},
{
  "fields": {
    "title": "Responsability and Authority",
    "slug": "responsability-authority",
    "account": 2
  },
  "model": "pages.PageElement", "pk": 3
},
{
  "fields": {
    "orig_element": 2, "dest_element": 3,
    "rank": 1
  },
  "model": "pages.RelationShip", "pk": 2
},
{
  "fields": {
    "title": "Has your company assigned formal responsibility for directing and overseeing ESG performance to top/executive management, and designatied a point person(s) responsible for implementing requirements and commitments.",
    "slug": "assign-formal-authority",
    "picture": "/static/img/management-basics.png",
    "account": 2
  },
  "model": "pages.PageElement", "pk": 4
},
{
  "fields": {
    "orig_element": 3, "dest_element": 4
  },
  "model": "pages.RelationShip", "pk": 3
},
{
  "fields": {
    "path": "/sustainability/governance-management/responsability-authority/assign-formal-authority",
    "content": 4,
    "default_unit": 4
  },
  "model": "survey.question", "pk": 1
},
{
  "fields": {
    "campaign": 1,
    "question": 1,
    "rank": 1,
    "required": true
  },
  "model": "survey.EnumeratedQuestions", "pk": 1
},
{
  "fields": {
    "title": "Environmental Policy",
    "slug": "environmental-policy",
    "account": 2
  },
  "model": "pages.PageElement", "pk": 5
},
{
  "fields": {
    "orig_element": 2, "dest_element": 5,
    "rank": 2
  },
  "model": "pages.RelationShip", "pk": 4
},
{
  "fields": {
    "title": "Have formalized ESG strategy and targets that: Define a future vision of ESG performance, Are clear, actionable, and acheivable, Are resourced effectively, Address material issues for the business",
    "slug": "formalized-esg-strategy",
    "picture": "/static/img/management-basics.png",
    "account": 2
  },
  "model": "pages.PageElement", "pk": 6
},
{
  "fields": {
    "orig_element": 5, "dest_element": 6
  },
  "model": "pages.RelationShip", "pk": 5
},
{
  "fields": {
    "path": "/sustainability/governance-management/environmental-policy/formalized-esg-strategy",
    "content": 6,
    "default_unit": 4
  },
  "model": "survey.question", "pk": 2
},
{
  "fields": {
    "campaign": 1,
    "question": 2,
    "rank": 2,
    "required": true
  },
  "model": "survey.EnumeratedQuestions", "pk": 2
},
{
  "fields": {
    "title": "Does your organization have an Employee Code of Conduct in place?",
    "slug": "employee-code-of-conduct",
    "picture": "/static/img/management-basics.png",
    "account": 2
  },
  "model": "pages.PageElement", "pk": 7
},
{
  "fields": {
    "orig_element": 5, "dest_element": 7
  },
  "model": "pages.RelationShip", "pk": 6
},
{
  "fields": {
    "path": "/sustainability/governance-management/environmental-policy/employee-code-of-conduct",
    "content": 7,
    "default_unit": 4
  },
  "model": "survey.question", "pk": 3
},
{
  "fields": {
    "campaign": 1,
    "question": 3,
    "rank": 3,
    "required": true
  },
  "model": "survey.EnumeratedQuestions", "pk": 3
},
{
  "fields": {
    "title": "Does your organization have a Supplier Code of Conduct in place?",
    "slug": "supplier-code-of-conduct",
    "picture": "/static/img/management-basics.png",
    "account": 2
  },
  "model": "pages.PageElement", "pk": 8
},
{
  "fields": {
    "orig_element": 5, "dest_element": 8
  },
  "model": "pages.RelationShip", "pk": 7
},
{
  "fields": {
    "path": "/sustainability/governance-management/environmental-policy/supplier-code-of-conduct",
    "content": 6,
    "default_unit": 4
  },
  "model": "survey.question", "pk": 4
},
{
  "fields": {
    "campaign": 1,
    "question": 4,
    "rank": 4,
    "required": true
  },
  "model": "survey.EnumeratedQuestions", "pk": 4
},
{
  "fields": {
    "title": "Report on the following KPIs related to sustainable procurement...",
    "slug": "report-sustainable-procurement",
    "picture": "/static/img/management-basics.png",
    "account": 2
  },
  "model": "pages.PageElement", "pk": 9
},
{
  "fields": {
    "orig_element": 5, "dest_element": 9
  },
  "model": "pages.RelationShip", "pk": 8
},
{
  "fields": {
    "path": "/sustainability/governance-management/environmental-policy/report-sustainable-procurement",
    "content": 9,
    "default_unit": 4
  },
  "model": "survey.question", "pk": 5
},
{
  "fields": {
    "campaign": 1,
    "question": 5,
    "rank": 5,
    "required": true
  },
  "model": "survey.EnumeratedQuestions", "pk": 5
},


{
  "fields": {
    "title": "Environmental Reporting",
    "slug": "environmental-reporting",
    "account": 2
  },
  "model": "pages.PageElement", "pk": 10
},
{
  "fields": {
    "orig_element": 2, "dest_element": 10,
    "rank": 4
  },
  "model": "pages.RelationShip", "pk": 9
},
{
  "fields": {
    "title": "Report internally, including to top management, on strategy: key ESG issues (revealed by materiality analysis), risk and crisis mitigation, progress toward goals, and plans/needs to address shortfalls.",
    "slug": "report-internally",
    "picture": "/static/img/management-basics.png",
    "account": 2
  },
  "model": "pages.PageElement", "pk": 11
},
{
  "fields": {
    "orig_element": 10, "dest_element": 11
  },
  "model": "pages.RelationShip", "pk": 10
},
{
  "fields": {
    "path": "/sustainability/governance-management/environmental-reporting/report-internally",
    "content": 11,
    "default_unit": 4
  },
  "model": "survey.question", "pk": 6
},
{
  "fields": {
    "campaign": 1,
    "question": 6,
    "rank": 6,
    "required": true
  },
  "model": "survey.EnumeratedQuestions", "pk": 6
},
{
  "fields": {
    "title": "Report externally on strategy: program elements, key ESG issues and goals, challenges, and continual improvement efforts in accordance with a reputable reporting standard (e.g. GRI, SASB).",
    "slug": "report-externally",
    "picture": "/static/img/management-basics.png",
    "account": 2
  },
  "model": "pages.PageElement", "pk": 12
},
{
  "fields": {
    "orig_element": 10, "dest_element": 12
  },
  "model": "pages.RelationShip", "pk": 11
},
{
  "fields": {
    "path": "/sustainability/governance-management/environmental-reporting/report-externally",
    "content": 12,
    "default_unit": 4
  },
  "model": "survey.question", "pk": 7
},
{
  "fields": {
    "campaign": 1,
    "question": 7,
    "rank": 7,
    "required": true
  },
  "model": "survey.EnumeratedQuestions", "pk": 7
},
{
  "fields": {
    "title": "Have ESG strategy and reports, targets, and KPIs periodically validated by an independent third party.",
    "slug": "report-3rd-party-verified",
    "picture": "/static/img/management-basics.png",
    "account": 2
  },
  "model": "pages.PageElement", "pk": 13
},
{
  "fields": {
    "orig_element": 10, "dest_element": 13
  },
  "model": "pages.RelationShip", "pk": 12
},
{
  "fields": {
    "path": "/sustainability/governance-management/environmental-reporting/report-3rd-party-verified",
    "content": 13,
    "default_unit": 4
  },
  "model": "survey.question", "pk": 8
},
{
  "fields": {
    "campaign": 1,
    "question": 8,
    "rank": 8,
    "required": true
  },
  "model": "survey.EnumeratedQuestions", "pk": 8
},

{
  "fields": {
    "title": "Has your organization had any significant ESG fines/ penalties (e.g. > USD $10,000, class action lawsuits, repeated breaches of Codes of Conduct) in the past five years?",
    "slug": "environmental-fines",
    "picture": "/static/img/management-basics.png",
    "account": 2
  },
  "model": "pages.PageElement", "pk": 14
},
{
  "fields": {
    "orig_element": 10, "dest_element": 14
  },
  "model": "pages.RelationShip", "pk": 13
},
{
  "fields": {
    "path": "/sustainability/governance-management/environmental-reporting/environmental-fines",
    "content": 13,
    "default_unit": 4
  },
  "model": "survey.question", "pk": 9
},
{
  "fields": {
    "campaign": 1,
    "question": 9,
    "rank": 9,
    "required": true
  },
  "model": "survey.EnumeratedQuestions", "pk": 9
},

{
  "fields": {
    "title": "Where is information about these incidents publicly available?",
    "slug": "environmental-fines-publicly-reported",
    "picture": "/static/img/management-basics.png",
    "account": 2
  },
  "model": "pages.PageElement", "pk": 15
},
{
  "fields": {
    "orig_element": 10, "dest_element": 15
  },
  "model": "pages.RelationShip", "pk": 14
},
{
  "fields": {
    "path": "/sustainability/governance-management/environmental-reporting/environmental-fines-publicly-reported",
    "content": 15,
    "default_unit": 4
  },
  "model": "survey.question", "pk": 10
},
{
  "fields": {
    "campaign": 1,
    "question": 10,
    "rank": 10,
    "required": true
  },
  "model": "survey.EnumeratedQuestions", "pk": 10
},
{
  "fields": {
    "title": "Management System Rigor",
    "slug": "management-system-rigor",
    "account": 2
  },
  "model": "pages.PageElement", "pk": 16
},
{
  "fields": {
    "orig_element": 10, "dest_element": 16,
    "rank": 3
  },
  "model": "pages.RelationShip", "pk": 15
},

{
  "fields": {
    "title": "Conduct a systematic, rigorous assessment to identify and prioritize material ESG impacts, issues and opportunities.",
    "slug": "systematic-rigorous-assessment",
    "picture": "/static/img/management-basics.png",
    "account": 2
  },
  "model": "pages.PageElement", "pk": 17
},
{
  "fields": {
    "orig_element": 10, "dest_element": 17
  },
  "model": "pages.RelationShip", "pk": 16
},
{
  "fields": {
    "path": "/sustainability/governance-management/management-system-rigor/systematic-rigorous-assessment",
    "content": 17,
    "default_unit": 4
  },
  "model": "survey.question", "pk": 11
},
{
  "fields": {
    "campaign": 1,
    "question": 11,
    "rank": 11,
    "required": true
  },
  "model": "survey.EnumeratedQuestions", "pk": 11
},
{
  "fields": {
    "title": "Have job-specific responsibilities for implementing controls, etc. actively in place from management to applicable individual contributors.",
    "slug": "job-specific-responsibilities",
    "picture": "/static/img/management-basics.png",
    "account": 2
  },
  "model": "pages.PageElement", "pk": 18
},
{
  "fields": {
    "orig_element": 10, "dest_element": 18
  },
  "model": "pages.RelationShip", "pk": 17
},
{
  "fields": {
    "path": "/sustainability/governance-management/management-system-rigor/job-specific-responsibilities",
    "content": 18,
    "default_unit": 4
  },
  "model": "survey.question", "pk": 12
},
{
  "fields": {
    "campaign": 1,
    "question": 12,
    "rank": 12,
    "required": true
  },
  "model": "survey.EnumeratedQuestions", "pk": 12
},

{
  "fields": {
    "title": "Implement an environmental management system that conforms with a recognized international (e.g. ISO 14001) or local standard and indicate the coverage of the standard in your business and or facilities.",
    "slug": "implement-environmental-management",
    "picture": "/static/img/management-basics.png",
    "account": 2
  },
  "model": "pages.PageElement", "pk": 19
},
{
  "fields": {
    "orig_element": 10, "dest_element": 19
  },
  "model": "pages.RelationShip", "pk": 18
},
{
  "fields": {
    "path": "/sustainability/governance-management/management-system-rigor/implement-environmental-management",
    "content": 19,
    "default_unit": 4
  },
  "model": "survey.question", "pk": 13
},
{
  "fields": {
    "campaign": 1,
    "question": 13,
    "rank": 13,
    "required": true
  },
  "model": "survey.EnumeratedQuestions", "pk": 13
},

{
  "fields": {
    "title": "Have the system certified to a recognized local or international standard.",
    "slug": "system-certified",
    "picture": "/static/img/management-basics.png",
    "account": 2
  },
  "model": "pages.PageElement", "pk": 20
},
{
  "fields": {
    "orig_element": 10, "dest_element": 20
  },
  "model": "pages.RelationShip", "pk": 19
},
{
  "fields": {
    "path": "/sustainability/governance-management/management-system-rigor/system-certified",
    "content": 20,
    "default_unit": 4
  },
  "model": "survey.question", "pk": 14
},
{
  "fields": {
    "campaign": 1,
    "question": 14,
    "rank": 14,
    "required": true
  },
  "model": "survey.EnumeratedQuestions", "pk": 14
},
{
  "fields": {
    "title": "Have the system periodically audited internally and by an independent third party.",
    "slug": "system-periodically-audited",
    "picture": "/static/img/management-basics.png",
    "account": 2
  },
  "model": "pages.PageElement", "pk": 21
},
{
  "fields": {
    "orig_element": 10, "dest_element": 21
  },
  "model": "pages.RelationShip", "pk": 20
},
{
  "fields": {
    "path": "/sustainability/governance-management/management-system-rigor/system-periodically-audited",
    "content": 21,
    "default_unit": 4
  },
  "model": "survey.question", "pk": 15
},
{
  "fields": {
    "campaign": 1,
    "question": 15,
    "rank": 15,
    "required": true
  },
  "model": "survey.EnumeratedQuestions", "pk": 15
},
{
  "fields": {
    "title": "Is there any conflict minerals (tin, tantalum, tungsten, or gold) remaining in the product that your company manufactures, subcontracts, or sells? If so, has your company published a due diligence report or formal policy on conflict minerals?",
    "slug": "conflict-minerals",
    "picture": "/static/img/data-metrics.png",
    "account": 2
  },
  "model": "pages.PageElement", "pk": 23
},
{
  "fields": {
    "orig_element": 5, "dest_element": 23,
    "rank": 2
  },
  "model": "pages.RelationShip", "pk": 21
},
{
  "fields": {
    "path": "/sustainability/governance-management/environmental-policy/conflict-minerals",
    "content": 23,
    "default_unit": 4
  },
  "model": "survey.question", "pk": 17
},
{
  "fields": {
    "campaign": 1,
    "question": 17,
    "rank": 17,
    "required": true
  },
  "model": "survey.EnumeratedQuestions", "pk": 17
},

{
  "fields": {
    "title": "Is your company sourcing from any high risk regions (e.g. DRC, Xinjiang, etc.)?",
    "slug": "high-risk-regions-sourcing",
    "picture": "/static/img/data-metrics.png",
    "account": 2
  },
  "model": "pages.PageElement", "pk": 24
},
{
  "fields": {
    "orig_element": 5, "dest_element": 24,
    "rank": 2
  },
  "model": "pages.RelationShip", "pk": 22
},
{
  "fields": {
    "path": "/sustainability/governance-management/environmental-policy/high-risk-regions-sourcing",
    "content": 24,
    "default_unit": 4
  },
  "model": "survey.question", "pk": 18
},
{
  "fields": {
    "campaign": 1,
    "question": 18,
    "rank": 18,
    "required": true
  },
  "model": "survey.EnumeratedQuestions", "pk": 18
},

{
  "fields": {
    "title": "Has your company implemented a monitoring and investigation system to ensure conformity with local laws, ILO requirements, and your Codes of Conduct?",
    "slug": "conformity-monitoring",
    "picture": "/static/img/data-metrics.png",
    "account": 2
  },
  "model": "pages.PageElement", "pk": 25
},
{
  "fields": {
    "orig_element": 5, "dest_element": 25,
    "rank": 2
  },
  "model": "pages.RelationShip", "pk": 23
},
{
  "fields": {
    "path": "/sustainability/governance-management/environmental-policy/conformity-monitoring",
    "content": 25,
    "default_unit": 4
  },
  "model": "survey.question", "pk": 19
},
{
  "fields": {
    "campaign": 1,
    "question": 19,
    "rank": 19,
    "required": true
  },
  "model": "survey.EnumeratedQuestions", "pk": 19
},

{
  "fields": {
    "title": "Promotion of worker health",
    "slug": "worker-health",
    "account": 2
  },
  "model": "pages.PageElement", "pk": 26
},
{
  "fields": {
    "orig_element": 2, "dest_element": 26,
    "rank": 5
  },
  "model": "pages.RelationShip", "pk": 24
},


{
  "fields": {
    "title": "Does your company report Key Performance Indicators (KPIs) on Employee Health & Safety?",
    "slug": "kpi-employee-health-safety",
    "picture": "/static/img/data-metrics.png",
    "account": 2
  },
  "model": "pages.PageElement", "pk": 27
},
{
  "fields": {
    "orig_element": 24, "dest_element": 27,
    "rank": 2
  },
  "model": "pages.RelationShip", "pk": 25
},
{
  "fields": {
    "path": "/sustainability/governance-management/worker-health/kpi-employee-health-safety",
    "content": 25,
    "default_unit": 4
  },
  "model": "survey.question", "pk": 20
},
{
  "fields": {
    "campaign": 1,
    "question": 20,
    "rank": 20,
    "required": true
  },
  "model": "survey.EnumeratedQuestions", "pk": 20
},
{
  "fields": {
    "title": "Does your company report Key Performance Indicators (KPIs) on Working Conditions?",
    "slug": "kpi-work-conditions",
    "picture": "/static/img/data-metrics.png",
    "account": 2
  },
  "model": "pages.PageElement", "pk": 28
},
{
  "fields": {
    "orig_element": 24, "dest_element": 28,
    "rank": 2
  },
  "model": "pages.RelationShip", "pk": 26
},
{
  "fields": {
    "path": "/sustainability/governance-management/worker-health/kpi-work-conditions",
    "content": 28,
    "default_unit": 4
  },
  "model": "survey.question", "pk": 21
},
{
  "fields": {
    "campaign": 1,
    "question": 21,
    "rank": 21,
    "required": true
  },
  "model": "survey.EnumeratedQuestions", "pk": 21
},
{
  "fields": {
    "title": "Does your company report Key Performance Indicators (KPIs) on Career Management & Training?",
    "slug": "kpi-career-management-training",
    "picture": "/static/img/data-metrics.png",
    "account": 2
  },
  "model": "pages.PageElement", "pk": 29
},
{
  "fields": {
    "orig_element": 24, "dest_element": 29,
    "rank": 2
  },
  "model": "pages.RelationShip", "pk": 27
},
{
  "fields": {
    "path": "/sustainability/governance-management/worker-health/kpi-career-management-training",
    "content": 27,
    "default_unit": 4
  },
  "model": "survey.question", "pk": 22
},
{
  "fields": {
    "campaign": 1,
    "question": 22,
    "rank": 22,
    "required": true
  },
  "model": "survey.EnumeratedQuestions", "pk": 22
},
{
  "fields": {
    "title": "Does your company report Key Performance Indicators (KPIs) on Diversity, Discrimination & Harassment?",
    "slug": "kpi-diversity-discrimination-harassment",
    "picture": "/static/img/data-metrics.png",
    "account": 2
  },
  "model": "pages.PageElement", "pk": 30
},
{
  "fields": {
    "orig_element": 24, "dest_element": 30,
    "rank": 2
  },
  "model": "pages.RelationShip", "pk": 28
},
{
  "fields": {
    "path": "/sustainability/governance-management/worker-health/kpi-diversity-discrimination-harassment",
    "content": 30,
    "default_unit": 4
  },
  "model": "survey.question", "pk": 23
},
{
  "fields": {
    "campaign": 1,
    "question": 23,
    "rank": 23,
    "required": true
  },
  "model": "survey.EnumeratedQuestions", "pk": 23
},
{
  "fields": {
    "title": "Does your company report Key Performance Indicators (KPIs) on Recordable Incident Rate?",
    "slug": "kpi-recordable-incident-rate",
    "picture": "/static/img/data-metrics.png",
    "account": 2
  },
  "model": "pages.PageElement", "pk": 31
},
{
  "fields": {
    "orig_element": 24, "dest_element": 31,
    "rank": 2
  },
  "model": "pages.RelationShip", "pk": 29
},
{
  "fields": {
    "path": "/sustainability/governance-management/worker-health/kpi-recordable-incident-rate",
    "content": 31,
    "default_unit": 4
  },
  "model": "survey.question", "pk": 24
},
{
  "fields": {
    "campaign": 1,
    "question": 24,
    "rank": 24,
    "required": true
  },
  "model": "survey.EnumeratedQuestions", "pk": 24
},
{
  "fields": {
    "title": "Does your company report Key Performance Indicators (KPIs) on Lost-time Case Rate?",
    "slug": "kpi-lost-time-case-rate",
    "picture": "/static/img/data-metrics.png",
    "account": 2
  },
  "model": "pages.PageElement", "pk": 32
},
{
  "fields": {
    "orig_element": 24, "dest_element": 32,
    "rank": 2
  },
  "model": "pages.RelationShip", "pk": 30
},
{
  "fields": {
    "path": "/sustainability/governance-management/worker-health/kpi-lost-time-case-rate",
    "content": 32,
    "default_unit": 4
  },
  "model": "survey.question", "pk": 25
},
{
  "fields": {
    "campaign": 1,
    "question": 25,
    "rank": 25,
    "required": true
  },
  "model": "survey.EnumeratedQuestions", "pk": 25
},
{
  "fields": {
    "title": "Does your company report Key Performance Indicators (KPIs) on Days Away, Restricted, and Transfer (DART) Rate?",
    "slug": "kpi-dart-rate",
    "picture": "/static/img/data-metrics.png",
    "account": 2
  },
  "model": "pages.PageElement", "pk": 33
},
{
  "fields": {
    "orig_element": 24, "dest_element": 33,
    "rank": 2
  },
  "model": "pages.RelationShip", "pk": 32
},
{
  "fields": {
    "path": "/sustainability/governance-management/worker-health/kpi-dart-rate",
    "content": 33,
    "default_unit": 4
  },
  "model": "survey.question", "pk": 26
},
{
  "fields": {
    "campaign": 1,
    "question": 26,
    "rank": 26,
    "required": true
  },
  "model": "survey.EnumeratedQuestions", "pk": 26
},
{
  "fields": {
    "title": "Does your company report Key Performance Indicators (KPIs) on Work-related Fatalities?",
    "slug": "kpi-work-related-fatalities",
    "picture": "/static/img/data-metrics.png",
    "account": 2
  },
  "model": "pages.PageElement", "pk": 34
},
{
  "fields": {
    "orig_element": 24, "dest_element": 34,
    "rank": 2
  },
  "model": "pages.RelationShip", "pk": 33
},
{
  "fields": {
    "path": "/sustainability/governance-management/worker-health/kpi-work-related-fatalities",
    "content": 34,
    "default_unit": 4
  },
  "model": "survey.question", "pk": 27
},
{
  "fields": {
    "campaign": 1,
    "question": 27,
    "rank": 27,
    "required": true
  },
  "model": "survey.EnumeratedQuestions", "pk": 27
},
{
  "fields": {
    "title": "Data & metrics",
    "slug": "data-metrics",
    "picture": "/static/img/data-metrics.png",
    "extra": "{\"tags\":[\"metrics\",\"tilebreak\"]}",
    "account": 2
  },
  "model": "pages.PageElement", "pk": 35
},
{
  "fields": {
    "orig_element": 2, "dest_element": 35,
    "rank": 2
  },
  "model": "pages.RelationShip", "pk": 34
},


{
  "fields": {
    "title": "Energy",
    "slug": "energy-measured",
    "account": 2
  },
  "model": "pages.PageElement", "pk": 36
},
{
  "fields": {
    "orig_element": 35, "dest_element": 36,
    "rank": 1
  },
  "model": "pages.RelationShip", "pk": 35
},
{
  "fields": {
    "title": "Energy consumed",
    "slug": "energy-consumed",
    "picture": "/static/img/data-metrics.png",
    "account": 2
  },
  "model": "pages.PageElement", "pk": 37
},
{
  "fields": {
    "orig_element": 36, "dest_element": 37,
    "rank": 2
  },
  "model": "pages.RelationShip", "pk": 36
},
{
  "fields": {
    "path": "/sustainability/data-metrics/energy-measured/energy-consumed",
    "content": 10,
    "default_unit": 5,
    "ui_hint": "energy"
  },
  "model": "survey.question", "pk": 28
},
{
  "fields": {
    "campaign": 1,
    "question": 28,
    "rank": 28,
    "required": false
  },
  "model": "survey.EnumeratedQuestions", "pk": 28
},
{
  "fields": {
    "title": "Energy Performance Publicly Reported",
    "slug": "energy-publicly-reported",
    "picture": "/static/img/data-metrics.png",
    "account": 2
  },
  "model": "pages.PageElement", "pk": 38
},
{
  "fields": {
    "orig_element": 36, "dest_element": 38,
    "rank": 2
  },
  "model": "pages.RelationShip", "pk": 37
},
{
  "fields": {
    "path": "/sustainability/data-metrics/energy-measured/energy-publicly-reported",
    "content": 11,
    "default_unit": 4
  },
  "model": "survey.question", "pk": 29
},
{
  "fields": {
    "campaign": 1,
    "question": 29,
    "rank": 29,
    "required": false
  },
  "model": "survey.EnumeratedQuestions", "pk": 29
},
{
  "fields": {
    "title": "Energy Data Third Party Verified",
    "slug": "energy-3rd-party-verified",
    "picture": "/static/img/data-metrics.png",
    "account": 2
  },
  "model": "pages.PageElement", "pk": 39
},
{
  "fields": {
    "orig_element": 36, "dest_element": 39,
    "rank": 2
  },
  "model": "pages.RelationShip", "pk": 39
},
{
  "fields": {
    "path": "/sustainability/data-metrics/energy-measured/energy-3rd-party-verified",
    "content": 12,
    "default_unit": 4
  },
  "model": "survey.question", "pk": 30
},
{
  "fields": {
    "campaign": 1,
    "question": 30,
    "rank": 30,
    "required": false
  },
  "model": "survey.EnumeratedQuestions", "pk": 30
},

{
  "fields": {
    "title": "GHG Emissions",
    "slug": "ghg-emissions-measured",
    "account": 2
  },
  "model": "pages.PageElement", "pk": 40
},
{
  "fields": {
    "orig_element": 35, "dest_element": 40,
    "rank": 2
  },
  "model": "pages.RelationShip", "pk": 40
},
{
  "fields": {
    "title": "Total Scope 1 GHG Emissions",
    "slug": "ghg-emissions-scope1",
    "picture": "/static/img/data-metrics.png",
    "account": 2
  },
  "model": "pages.PageElement", "pk": 41
},
{
  "fields": {
    "orig_element": 40, "dest_element": 41,
    "rank": 2
  },
  "model": "pages.RelationShip", "pk": 41
},
{
  "fields": {
    "path": "/sustainability/data-metrics/ghg-emissions-measured/ghg-emissions-scope1",
    "content": 10,
    "default_unit": 6,
    "ui_hint": "ghg-emissions"
  },
  "model": "survey.question", "pk": 31
},
{
  "fields": {
    "campaign": 1,
    "question": 31,
    "rank": 31,
    "required": false
  },
  "model": "survey.EnumeratedQuestions", "pk": 31
},
{
  "fields": {
    "title": "Total scope 2 GHG Emissions",
    "slug": "ghg-emissions-scope2",
    "picture": "/static/img/data-metrics.png",
    "account": 2
  },
  "model": "pages.PageElement", "pk": 42
},
{
  "fields": {
    "orig_element": 40, "dest_element": 42,
    "rank": 2
  },
  "model": "pages.RelationShip", "pk": 42
},
{
  "fields": {
    "path": "/sustainability/data-metrics/ghg-emissions-measured/ghg-emissions-scope2",
    "content": 10,
    "default_unit": 6,
    "ui_hint": "ghg-emissions"
  },
  "model": "survey.question", "pk": 32
},
{
  "fields": {
    "campaign": 1,
    "question": 32,
    "rank": 32,
    "required": false
  },
  "model": "survey.EnumeratedQuestions", "pk": 32
},
{
  "fields": {
    "title": "Total scope 3 GHG Emissions",
    "slug": "ghg-emissions-scope3",
    "picture": "/static/img/data-metrics.png",
    "account": 2
  },
  "model": "pages.PageElement", "pk": 43
},
{
  "fields": {
    "orig_element": 40, "dest_element": 43,
    "rank": 2
  },
  "model": "pages.RelationShip", "pk": 43
},
{
  "fields": {
    "path": "/sustainability/data-metrics/ghg-emissions-measured/ghg-emissions-scope3",
    "content": 10,
    "default_unit": 6,
    "ui_hint": "ghg-emissions"
  },
  "model": "survey.question", "pk": 33
},
{
  "fields": {
    "campaign": 1,
    "question": 33,
    "rank": 33,
    "required": false
  },
  "model": "survey.EnumeratedQuestions", "pk": 33
},
{
  "fields": {
    "title": "GHG Emissions Performance Publicly Reported",
    "slug": "ghg-emissions-publicly-reported",
    "picture": "/static/img/data-metrics.png",
    "account": 2
  },
  "model": "pages.PageElement", "pk": 44
},
{
  "fields": {
    "orig_element": 40, "dest_element": 44,
    "rank": 2
  },
  "model": "pages.RelationShip", "pk": 44
},
{
  "fields": {
    "path": "/sustainability/data-metrics/ghg-emissions-measured/ghg-emissions-publicly-reported",
    "content": 11,
    "default_unit": 4
  },
  "model": "survey.question", "pk": 34
},
{
  "fields": {
    "campaign": 1,
    "question": 34,
    "rank": 34,
    "required": false
  },
  "model": "survey.EnumeratedQuestions", "pk": 34
},
{
  "fields": {
    "title": "GHG Emissions Data Third Party Verified",
    "slug": "ghg-emissions-3rd-party-verified",
    "picture": "/static/img/data-metrics.png",
    "account": 2
  },
  "model": "pages.PageElement", "pk": 45
},
{
  "fields": {
    "orig_element": 40, "dest_element": 45,
    "rank": 2
  },
  "model": "pages.RelationShip", "pk": 45
},
{
  "fields": {
    "path": "/sustainability/data-metrics/ghg-emissions-measured/ghg-emissions-3rd-party-verified",
    "content": 12,
    "default_unit": 4
  },
  "model": "survey.question", "pk": 35
},
{
  "fields": {
    "campaign": 1,
    "question": 35,
    "rank": 35,
    "required": false
  },
  "model": "survey.EnumeratedQuestions", "pk": 35
},


{
  "fields": {
    "title": "Water",
    "slug": "water-measured",
    "account": 2
  },
  "model": "pages.PageElement", "pk": 46
},
{
  "fields": {
    "orig_element": 40, "dest_element": 46,
    "rank": 3
  },
  "model": "pages.RelationShip", "pk": 46
},
{
  "fields": {
    "title": "Total Water withdrawn",
    "slug": "water-withdrawn",
    "picture": "/static/img/data-metrics.png",
    "account": 2
  },
  "model": "pages.PageElement", "pk": 47
},
{
  "fields": {
    "orig_element": 40, "dest_element": 47,
    "rank": 2
  },
  "model": "pages.RelationShip", "pk": 47
},
{
  "fields": {
    "path": "/sustainability/data-metrics/water-measured/water-withdrawn",
    "content": 10,
    "default_unit": 7,
    "ui_hint": "water"
  },
  "model": "survey.question", "pk": 36
},
{
  "fields": {
    "campaign": 1,
    "question": 36,
    "rank": 36,
    "required": false
  },
  "model": "survey.EnumeratedQuestions", "pk": 36
},
{
  "fields": {
    "title": "Total Water discharged",
    "slug": "water-discharged",
    "picture": "/static/img/data-metrics.png",
    "account": 2
  },
  "model": "pages.PageElement", "pk": 48
},
{
  "fields": {
    "orig_element": 47, "dest_element": 48,
    "rank": 2
  },
  "model": "pages.RelationShip", "pk": 48
},
{
  "fields": {
    "path": "/sustainability/data-metrics/water-measured/water-discharged",
    "content": 10,
    "default_unit": 7,
    "ui_hint": "water"
  },
  "model": "survey.question", "pk": 37
},
{
  "fields": {
    "campaign": 1,
    "question": 37,
    "rank": 37,
    "required": false
  },
  "model": "survey.EnumeratedQuestions", "pk": 37
},
{
  "fields": {
    "title": "Total Water recycled and reused",
    "slug": "water-recycled",
    "picture": "/static/img/data-metrics.png",
    "account": 2
  },
  "model": "pages.PageElement", "pk": 49
},
{
  "fields": {
    "orig_element": 47, "dest_element": 49,
    "rank": 2
  },
  "model": "pages.RelationShip", "pk": 49
},
{
  "fields": {
    "path": "/sustainability/data-metrics/water-measured/water-recycled",
    "content": 10,
    "default_unit": 7,
    "ui_hint": "water"
  },
  "model": "survey.question", "pk": 38
},
{
  "fields": {
    "campaign": 1,
    "question": 38,
    "rank": 38,
    "required": false
  },
  "model": "survey.EnumeratedQuestions", "pk": 38
},

{
  "fields": {
    "title": "Water Performance Publicly Reported",
    "slug": "water-publicly-reported",
    "picture": "/static/img/data-metrics.png",
    "account": 2
  },
  "model": "pages.PageElement", "pk": 50
},
{
  "fields": {
    "orig_element": 47, "dest_element": 50,
    "rank": 2
  },
  "model": "pages.RelationShip", "pk": 50
},
{
  "fields": {
    "path": "/sustainability/data-metrics/water-measured/water-publicly-reported",
    "content": 11,
    "default_unit": 4
  },
  "model": "survey.question", "pk": 39
},
{
  "fields": {
    "campaign": 1,
    "question": 39,
    "rank": 39,
    "required": false
  },
  "model": "survey.EnumeratedQuestions", "pk": 39
},
{
  "fields": {
    "title": "Water Data Third Party Verified",
    "slug": "water-3rd-party-verified",
    "picture": "/static/img/data-metrics.png",
    "account": 2
  },
  "model": "pages.PageElement", "pk": 51
},
{
  "fields": {
    "orig_element": 47, "dest_element": 51,
    "rank": 2
  },
  "model": "pages.RelationShip", "pk": 51
},
{
  "fields": {
    "path": "/sustainability/data-metrics/water-measured/water-3rd-party-verified",
    "content": 12,
    "default_unit": 4
  },
  "model": "survey.question", "pk": 40
},
{
  "fields": {
    "campaign": 1,
    "question": 40,
    "rank": 40,
    "required": false
  },
  "model": "survey.EnumeratedQuestions", "pk": 40
},


{
  "fields": {
    "title": "Waste",
    "slug": "waste-measured",
    "account": 2
  },
  "model": "pages.PageElement", "pk": 53
},
{
  "fields": {
    "orig_element": 33, "dest_element": 53,
    "rank": 4
  },
  "model": "pages.RelationShip", "pk": 52
},
{
  "fields": {
    "title": "Total Hazardous Waste",
    "slug": "waste-hazardous",
    "picture": "/static/img/data-metrics.png",
    "account": 2
  },
  "model": "pages.PageElement", "pk": 54
},
{
  "fields": {
    "orig_element": 53, "dest_element": 54,
    "rank": 2
  },
  "model": "pages.RelationShip", "pk": 53
},
{
  "fields": {
    "path": "/sustainability/data-metrics/waste-measured/waste-hazardous",
    "content": 10,
    "default_unit": 6,
    "ui_hint": "waste"
  },
  "model": "survey.question", "pk": 41
},
{
  "fields": {
    "campaign": 1,
    "question": 41,
    "rank": 41,
    "required": false
  },
  "model": "survey.EnumeratedQuestions", "pk": 41
},
{
  "fields": {
    "title": "Total Non-Hazardous Waste",
    "slug": "waste-non-hazardous",
    "picture": "/static/img/data-metrics.png",
    "account": 2
  },
  "model": "pages.PageElement", "pk": 55
},
{
  "fields": {
    "orig_element": 53, "dest_element": 55,
    "rank": 2
  },
  "model": "pages.RelationShip", "pk": 54
},
{
  "fields": {
    "path": "/sustainability/data-metrics/waste-measured/waste-non-hazardous",
    "content": 10,
    "default_unit": 6,
    "ui_hint": "waste"
  },
  "model": "survey.question", "pk": 42
},
{
  "fields": {
    "campaign": 1,
    "question": 42,
    "rank": 42,
    "required": false
  },
  "model": "survey.EnumeratedQuestions", "pk": 42
},
{
  "fields": {
    "title": "Total Waste Recycled",
    "slug": "waste-recycled",
    "picture": "/static/img/data-metrics.png",
    "account": 2
  },
  "model": "pages.PageElement", "pk": 56
},
{
  "fields": {
    "orig_element": 53, "dest_element": 56,
    "rank": 2
  },
  "model": "pages.RelationShip", "pk": 55
},
{
  "fields": {
    "path": "/sustainability/data-metrics/waste-measured/waste-recycled",
    "content": 10,
    "default_unit": 6,
    "ui_hint": "waste"
  },
  "model": "survey.question", "pk": 43
},
{
  "fields": {
    "campaign": 1,
    "question": 43,
    "rank": 43,
    "required": false
  },
  "model": "survey.EnumeratedQuestions", "pk": 43
},
{
  "fields": {
    "title": "Waste Performance Publicly Reported",
    "slug": "waste-publicly-reported",
    "picture": "/static/img/data-metrics.png",
    "account": 2
  },
  "model": "pages.PageElement", "pk": 57
},
{
  "fields": {
    "orig_element": 53, "dest_element": 57,
    "rank": 2
  },
  "model": "pages.RelationShip", "pk": 56
},
{
  "fields": {
    "path": "/sustainability/data-metrics/waste-measured/waste-publicly-reported",
    "content": 11,
    "default_unit": 4
  },
  "model": "survey.question", "pk": 44
},
{
  "fields": {
    "campaign": 1,
    "question": 44,
    "rank": 44,
    "required": false
  },
  "model": "survey.EnumeratedQuestions", "pk": 44
},
{
  "fields": {
    "title": "Waste Data Third Party Verified",
    "slug": "waste-3rd-party-verified",
    "picture": "/static/img/data-metrics.png",
    "account": 2
  },
  "model": "pages.PageElement", "pk": 58
},
{
  "fields": {
    "orig_element": 53, "dest_element": 58,
    "rank": 2
  },
  "model": "pages.RelationShip", "pk": 57
},
{
  "fields": {
    "path": "/sustainability/data-metrics/waste-measured/waste-3rd-party-verified",
    "content": 12,
    "default_unit": 4
  },
  "model": "survey.question", "pk": 45
},
{
  "fields": {
    "campaign": 1,
    "question": 45,
    "rank": 45,
    "required": false
  },
  "model": "survey.EnumeratedQuestions", "pk": 45
},

{
  "fields": {
    "title": "General information",
    "slug": "general-information",
    "account": 2
  },
  "model": "pages.PageElement", "pk": 59
},
{
  "fields": {
    "orig_element": 33, "dest_element": 59,
    "rank": 5
  },
  "model": "pages.RelationShip", "pk": 59
},
{
  "fields": {
    "title": "Organization's Annual Gross Revenue",
    "slug": "gross-revenue",
    "picture": "/static/img/data-metrics.png",
    "account": 2
  },
  "model": "pages.PageElement", "pk": 60
},
{
  "fields": {
    "orig_element": 59, "dest_element": 60,
    "rank": 1
  },
  "model": "pages.RelationShip", "pk": 60
},
{
  "fields": {
    "path": "/sustainability/data-metrics/general-information/gross-revenue",
    "content": 60,
    "default_unit": 4
  },
  "model": "survey.question", "pk": 46
},
{
  "fields": {
    "campaign": 1,
    "question": 46,
    "rank": 46,
    "required": false
  },
  "model": "survey.EnumeratedQuestions", "pk": 46
},
{
  "fields": {
    "title": "Full-time employee count",
    "slug": "employee-count",
    "picture": "/static/img/data-metrics.png",
    "account": 2
  },
  "model": "pages.PageElement", "pk": 61
},
{
  "fields": {
    "orig_element": 59, "dest_element": 61,
    "rank": 2
  },
  "model": "pages.RelationShip", "pk": 61
},
{
  "fields": {
    "path": "/sustainability/data-metrics/general-information/employee-count",
    "content": 61,
    "default_unit": 4
  },
  "model": "survey.question", "pk": 47
},
{
  "fields": {
    "campaign": 1,
    "question": 47,
    "rank": 47,
    "required": false
  },
  "model": "survey.EnumeratedQuestions", "pk": 47
},


{
  "fields": {
    "title": "Targets",
    "slug": "targets",
    "picture": "/static/img/data-metrics.png",
    "extra": "{\"tags\":[\"metrics\"]}",
    "account": 2
  },
  "model": "pages.PageElement", "pk": 62
},
{
  "fields": {
    "orig_element": 1, "dest_element": 62,
    "rank": 2
  },
  "model": "pages.RelationShip", "pk": 62
},
{
  "fields": {
    "title": "Energy",
    "slug": "energy-target",
    "extra": "{\"tags\":[\"metrics\"]}",
    "account": 2
  },
  "model": "pages.PageElement", "pk": 63
},
{
  "fields": {
    "orig_element": 62, "dest_element": 63,
    "rank": 1
  },
  "model": "pages.RelationShip", "pk": 63
},
{
  "fields": {
    "title": "Energy Target By",
    "slug": "energy-target-by",
    "picture": "/static/img/data-metrics.png",
    "account": 2
  },
  "model": "pages.PageElement", "pk": 64
},
{
  "fields": {
    "orig_element": 63, "dest_element": 64,
    "rank": 1
  },
  "model": "pages.RelationShip", "pk": 64
},
{
  "fields": {
    "path": "/sustainability/targets/energy-target/energy-target-by",
    "content": 6,
    "ui_hint": "target-by",
    "default_unit": 3
  },
  "model": "survey.Question", "pk": 48
},
{
  "fields": {
    "campaign": 1,
    "question": 48,
    "rank": 48,
    "required": false
  },
  "model": "survey.EnumeratedQuestions", "pk": 48
},
{
  "fields": {
    "title": "Energy Target Comments",
    "slug": "energy-target-comments",
    "picture": "/static/img/data-metrics.png",
    "account": 2
  },
  "model": "pages.PageElement", "pk": 65
},
{
  "fields": {
    "orig_element": 63, "dest_element": 65,
    "rank": 1
  },
  "model": "pages.RelationShip", "pk": 65
},
{
  "fields": {
    "path": "/sustainability/targets/energy-target/energy-target-comments",
    "content": 6,
    "ui_hint": "textarea",
    "default_unit": 3
  },
  "model": "survey.Question", "pk": 49
},
{
  "fields": {
    "campaign": 1,
    "question": 49,
    "rank": 49
  },
  "model": "survey.EnumeratedQuestions", "pk": 49
},
{
  "fields": {
    "title": "GHG Emissions",
    "slug": "ghg-emissions-target",
    "account": 2
  },
  "model": "pages.PageElement", "pk": 66
},
{
  "fields": {
    "orig_element": 62, "dest_element": 66,
    "rank": 2
  },
  "model": "pages.RelationShip", "pk": 66
},
{
  "fields": {
    "title": "GHG Emissions Target By",
    "slug": "ghg-emissions-target-by",
    "picture": "/static/img/data-metrics.png",
    "account": 2
  },
  "model": "pages.PageElement", "pk": 67
},
{
  "fields": {
    "orig_element": 66, "dest_element": 67,
    "rank": 2
  },
  "model": "pages.RelationShip", "pk": 67
},
{
  "fields": {
    "path": "/sustainability/targets/ghg-emissions-target/ghg-emissions-target-by",
    "content": 7,
    "ui_hint": "target-by",
    "default_unit": 3
  },
  "model": "survey.Question", "pk": 50
},
{
  "fields": {
    "campaign": 1,
    "question": 50,
    "rank": 50,
    "required": false
  },
  "model": "survey.EnumeratedQuestions", "pk": 50
},
{
  "fields": {
    "title": "GHG Emissions Target Comments",
    "slug": "ghg-emissions-target-comments",
    "picture": "/static/img/data-metrics.png",
    "account": 2
  },
  "model": "pages.PageElement", "pk": 68
},
{
  "fields": {
    "orig_element": 66, "dest_element": 68,
    "rank": 2
  },
  "model": "pages.RelationShip", "pk": 68
},
{
  "fields": {
    "path": "/sustainability/targets/ghg-emissions-target/ghg-emissions-target-comments",
    "content": 7,
    "ui_hint": "textarea",
    "default_unit": 3
  },
  "model": "survey.Question", "pk": 51
},
{
  "fields": {
    "campaign": 1,
    "question": 51,
    "rank": 51
  },
  "model": "survey.EnumeratedQuestions", "pk": 51
},
{
  "fields": {
    "title": "Water",
    "slug": "water-target",
    "account": 2
  },
  "model": "pages.PageElement", "pk": 69
},
{
  "fields": {
    "orig_element": 62, "dest_element": 69,
    "rank": 3
  },
  "model": "pages.RelationShip", "pk": 69
},
{
  "fields": {
    "title": "Water Target By",
    "slug": "water-target-by",
    "picture": "/static/img/data-metrics.png",
    "account": 2
  },
  "model": "pages.PageElement", "pk": 70
},
{
  "fields": {
    "orig_element": 69, "dest_element": 70,
    "rank": 3
  },
  "model": "pages.RelationShip", "pk": 70
},
{
  "fields": {
    "path": "/sustainability/targets/water-target/water-target-by",
    "content": 8,
    "ui_hint": "target-by",
    "default_unit": 3
  },
  "model": "survey.Question", "pk": 53
},
{
  "fields": {
    "campaign": 1,
    "question": 53,
    "rank": 53,
    "required": false
  },
  "model": "survey.EnumeratedQuestions", "pk": 53
},
{
  "fields": {
    "title": "Water Target Comments",
    "slug": "water-target-comments",
    "picture": "/static/img/data-metrics.png",
    "account": 2
  },
  "model": "pages.PageElement", "pk": 71
},
{
  "fields": {
    "orig_element": 69, "dest_element": 71,
    "rank": 3
  },
  "model": "pages.RelationShip", "pk": 71
},
{
  "fields": {
    "path": "/sustainability/targets/water-target/water-target-comments",
    "content": 8,
    "ui_hint": "textarea",
    "default_unit": 3
  },
  "model": "survey.Question", "pk": 54
},
{
  "fields": {
    "campaign": 1,
    "question": 54,
    "rank": 54
  },
  "model": "survey.EnumeratedQuestions", "pk": 54
},
{
  "fields": {
    "title": "Waste",
    "slug": "waste-target",
    "account": 2
  },
  "model": "pages.PageElement", "pk": 72
},
{
  "fields": {
    "orig_element": 62, "dest_element": 72,
    "rank": 4
  },
  "model": "pages.RelationShip", "pk": 72
},
{
  "fields": {
    "title": "Waste Target By",
    "slug": "waste-target-by",
    "picture": "/static/img/data-metrics.png",
    "account": 2
  },
  "model": "pages.PageElement", "pk": 73
},
{
  "fields": {
    "orig_element": 72, "dest_element": 73,
    "rank": 4
  },
  "model": "pages.RelationShip", "pk": 73
},
{
  "fields": {
    "path": "/sustainability/targets/waste-target/waste-target-by",
    "content": 9,
    "ui_hint": "target-by",
    "default_unit": 3
  },
  "model": "survey.Question", "pk": 55
},
{
  "fields": {
    "campaign": 1,
    "question": 55,
    "rank": 55,
    "required": false
  },
  "model": "survey.EnumeratedQuestions", "pk": 55
},
{
  "fields": {
    "title": "Waste Target Comments",
    "slug": "waste-target-comments",
    "picture": "/static/img/data-metrics.png",
    "account": 2
  },
  "model": "pages.PageElement", "pk": 74
},
{
  "fields": {
    "orig_element": 72, "dest_element": 74,
    "rank": 4
  },
  "model": "pages.RelationShip", "pk": 74
},
{
  "fields": {
    "path": "/sustainability/targets/waste-target/waste-target-comments",
    "content": 9,
    "ui_hint": "textarea",
    "default_unit": 3
  },
  "model": "survey.Question", "pk": 56
},
{
  "fields": {
    "campaign": 1,
    "question": 56,
    "rank": 56
  },
  "model": "survey.EnumeratedQuestions", "pk": 56
},


{
  "fields": {
    "title": "Metal structures & equipment",
    "slug": "metal",
    "extra": "{\"visibility\":[\"public\"]}",
    "account": 2
  },
  "model": "pages.PageElement", "pk": 100
},
{
  "fields": {
    "title": "Boxes & enclosures",
    "slug": "boxes-and-enclosures",
    "extra": "{\"pagebreak\":true,\"searchable\":true,\"visibility\":[\"public\"]}",
    "account": 2
  },
  "model": "pages.PageElement", "pk": 101
},
{
  "fields": {
    "orig_element": 100, "dest_element": 101
  },
  "model": "pages.RelationShip", "pk": 100
},

{
  "fields": {
    "title": "Production",
    "slug": "production",
    "picture": "/static/img/production.png",
    "account": 2
  },
  "model": "pages.PageElement", "pk": 102
},
{
  "fields": {
    "orig_element": 101, "dest_element": 102,
    "rank": 4
  },
  "model": "pages.RelationShip", "pk": 101
},
{
  "fields": {
    "title": "Energy Efficiency",
    "slug": "energy-efficiency",
    "extra": "{\"pagebreak\":true}",
    "account": 2
  },
  "model": "pages.PageElement", "pk": 103
},
{
  "fields": {
    "orig_element": 102, "dest_element": 103,
    "rank": 4
  },
  "model": "pages.RelationShip", "pk": 102
},
{
  "fields": {
    "title": "Process heating",
    "slug": "process-heating",
    "account": 2
  },
  "model": "pages.PageElement", "pk": 104
},
{
  "fields": {
    "orig_element": 103, "dest_element": 104
  },
  "model": "pages.RelationShip", "pk": 103
},
{
  "fields": {
    "title": "Combustion",
    "slug": "combustion",
    "account": 2
  },
  "model": "pages.PageElement", "pk": 105
},
{
  "fields": {
    "orig_element": 104, "dest_element": 105
  },
  "model": "pages.RelationShip", "pk": 104
},
{
  "fields": {
    "title": "Adjust air/fuel ratio",
    "slug": "adjust-air-fuel-ratio",
    "extra": "{\"tags\":[\"Energy & Emissions\"]}",
    "account": 2,
    "text": "<h2>Background</h2><p>Some manufacturing processes may involve heating operations.</p>"
  },
  "model": "pages.PageElement", "pk": 106
},
{
  "fields": {
    "orig_element": 105, "dest_element": 106
  },
  "model": "pages.RelationShip", "pk": 105
},
{
  "fields": {
    "path": "/metal/boxes-and-enclosures/production/energy-efficiency/process-heating/combustion/adjust-air-fuel-ratio",
    "content": 106,
    "default_unit": 1
  },
  "model": "survey.Question", "pk": 106
},
{
  "fields": {
    "campaign": 1,
    "question": 106,
    "rank": 106
  },
  "model": "survey.EnumeratedQuestions", "pk": 106
},
{
  "fields": {
    "title": "Utility procurement",
    "slug": "procurement",
    "extra": "{\"pagebreak\":true,\"searchable\":true,\"visibility\":[\"tier1-members\"]}",
    "account": 3
  },
  "model": "pages.PageElement", "pk": 200
},
{
  "fields": {
    "orig_element": 200, "dest_element": 102,
    "rank": 4
  },
  "model": "pages.RelationShip", "pk": 200
},
{
  "fields": {
    "path": "/procurement/production/energy-efficiency/process-heating/combustion/adjust-air-fuel-ratio",
    "content": 106,
    "default_unit": 1
  },
  "model": "survey.Question", "pk": 200
},
{
  "fields": {
    "campaign": 1,
    "question": 200,
    "rank": 200
  },
  "model": "survey.EnumeratedQuestions", "pk": 200
},
{
  "fields": {
    "title": "Cybersecurity framework",
    "slug": "framework",
    "extra": "{\"pagebreak\":true,\"visibility\":[\"tier1-members\"]}",
    "account": 3
  },
  "model": "pages.PageElement", "pk": 300
},
{
  "fields": {
    "title": "Governance & management",
    "slug": "framework-governance",
    "picture": "/static/img/management-basics.png",
    "account": 2
  },
  "model": "pages.PageElement", "pk": 301
},
{
  "fields": {
    "orig_element": 300, "dest_element": 301
  },
  "model": "pages.RelationShip", "pk": 300
},
{
  "fields": {
    "title": "Responsability and Authority",
    "slug": "framework-responsability-authority",
    "account": 2
  },
  "model": "pages.PageElement", "pk": 302
},
{
  "fields": {
    "orig_element": 301, "dest_element": 302,
    "rank": 1
  },
  "model": "pages.RelationShip", "pk": 302
},
{
  "fields": {
    "title": "Has your company assigned formal responsibility for directing and overseeing ESG performance to top/executive management, and designatied a point person(s) responsible for implementing requirements and commitments.",
    "slug": "framework-assign-formal-authority",
    "picture": "/static/img/management-basics.png",
    "account": 2
  },
  "model": "pages.PageElement", "pk": 303
},
{
  "fields": {
    "orig_element": 302, "dest_element": 303
  },
  "model": "pages.RelationShip", "pk": 303
},
{
  "fields": {
    "path": "/framework/framework-governance/framework-responsability-authority/framework-assign-formal-authority",
    "content": 303,
    "default_unit": 8
  },
  "model": "survey.question", "pk": 303
},
{
  "fields": {
    "campaign": 2,
    "question": 303,
    "rank": 303,
    "required": true
  },
  "model": "survey.EnumeratedQuestions", "pk": 303
},
{ "fields": {
    "unit": 8,
    "rank": 1,
    "question": 303,
    "text": "Initiating",
    "descr": "initiating assigned formal responsibility"
  },
  "model" : "survey.choice", "pk" : 300
},
{ "fields": {
    "unit": 8,
    "rank": 2,
    "question": 303,
    "text": "Progressing",
    "descr": "progressing assigned formal responsibility"
  },
  "model" : "survey.choice", "pk" : 301
},
{ "fields": {
    "unit": 8,
    "rank": 3,
    "question": 303,
    "text": "Optimizing",
    "descr": "optimizing assigned formal responsibility"
  },
  "model" : "survey.choice", "pk" : 302
},
{ "fields": {
    "unit": 8,
    "rank": 4,
    "question": 303,
    "text": "Leading",
    "descr": "leading assigned formal responsibility"
  },
  "model" : "survey.choice", "pk" : 303
},
{ "fields": {
    "unit": 8,
    "rank": 5,
    "question": 303,
    "text": "Transforming",
    "descr": "transforming assigned formal responsibility"
  },
  "model" : "survey.choice", "pk" : 304
},
{
  "fields": {
    "title": "Report internally, including to top management, on strategy: key ESG issues (revealed by materiality analysis), risk and crisis mitigation, progress toward goals, and plans/needs to address shortfalls.",
    "slug": "framework-report-internally",
    "picture": "/static/img/management-basics.png",
    "account": 2
  },
  "model": "pages.PageElement", "pk": 304
},
{
  "fields": {
    "orig_element": 302, "dest_element": 304
  },
  "model": "pages.RelationShip", "pk": 304
},
{
  "fields": {
    "path": "/framework/framework-governance/framework-responsability-authority/framework-report-internally",
    "content": 304,
    "default_unit": 8
  },
  "model": "survey.question", "pk": 304
},
{
  "fields": {
    "campaign": 2,
    "question": 304,
    "rank": 304,
    "required": true
  },
  "model": "survey.EnumeratedQuestions", "pk": 304
},
{ "fields": {
    "unit": 8,
    "rank": 1,
    "question": 304,
    "text": "Initiating",
    "descr": "initiating report internally"
  },
  "model" : "survey.choice", "pk" : 305
},
{ "fields": {
    "unit": 8,
    "rank": 2,
    "question": 304,
    "text": "Progressing",
    "descr": "progressing report internally"
  },
  "model" : "survey.choice", "pk" : 306
},
{ "fields": {
    "unit": 8,
    "rank": 3,
    "question": 304,
    "text": "Optimizing",
    "descr": "optimizing report internally"
  },
  "model" : "survey.choice", "pk" : 307
},
{ "fields": {
    "unit": 8,
    "rank": 4,
    "question": 304,
    "text": "Leading",
    "descr": "leading report internally"
  },
  "model" : "survey.choice", "pk" : 308
},
{ "fields": {
    "unit": 8,
    "rank": 5,
    "question": 304,
    "text": "Transforming",
    "descr": "transforming report internally"
  },
  "model" : "survey.choice", "pk" : 309
},


{
  "fields": {
    "title": "Alliance Tier1 Member Knowledge Base",
    "slug": "tier1-members",
    "extra": "{\"searchable\":true,\"visibility\":[\"tier1-members\"]}",
    "account": 3
  },
  "model": "pages.PageElement", "pk": 400
},
{
  "fields": {
    "title": "Alliance Tier2 Member Knowledge Base",
    "slug": "tier2-members",
    "extra": "{\"searchable\":true,\"visibility\":[\"tier2-members\"]}",
    "account": 3
  },
  "model": "pages.PageElement", "pk": 500
},

{
  "fields": {
    "slug": "aaaabbbbccccddddeeeeffff00001111",
    "created_at":  "2021-11-11T00:00:00.000Z",
    "updated_at":  "2021-11-11T00:00:00.000Z",
    "campaign": 1,
    "account": 2,
    "is_frozen": true
  },
  "model": "survey.sample", "pk": 1
}
]
