[
{ "fields": {
    "slug": "stripe",
    "full_name": "Stripe",
    "country": "US",
    "created_at": "2026-01-01T00:00:00+00:00",
    "email": "stripe@locahost.localdomain",
    "is_active": 1,
    "locality": "San Francisco",
    "phone": "+1 555 555 5555",
    "postal_code": 94102,
    "region": "CA",
    "street_address": "",
    "processor": 1
  },
  "model": "saas.organization", "pk": 1
},
{ "fields": {
    "slug": "djaopsp",
    "full_name": "Practices Sharing Platform",
    "country": "US",
    "created_at": "2026-01-01T00:00:00Z",
    "email": "djaopsp@localhost.localdomain",
    "is_active": 1,
    "locality": "San Francisco",
    "phone": "+1 555 555 5555",
    "postal_code": 94102,
    "region": "CA",
    "processor": 1
  },
  "model": "saas.organization", "pk": 2
},
{ "fields": {
    "slug": "alliance",
    "full_name": "Alliance",
    "country": "US",
    "created_at": "2026-01-01T00:00:00+00:00",
    "email": "tspproject@localhost.localdomain",
    "is_active": 1,
    "locality": "San Francisco",
    "phone": "+1 555 555 5555",
    "postal_code": 94102,
    "region": "CA",
    "street_address": "",
    "processor": 1
  },
  "model": "saas.organization", "pk": 3
},
{ "fields": {
    "slug": "energy-utility",
    "full_name": "Energy utility (Demo)",
    "country": "US",
    "created_at": "2026-01-01T00:00:00+00:00",
    "email": "energy-utility@localhost.localdomain",
    "is_active": 1,
    "locality": "San Francisco",
    "phone": "+1 555 555 5555",
    "postal_code": 94102,
    "region": "CA",
    "street_address": "",
    "processor": 1
  },
  "model": "saas.organization", "pk": 4
},
{ "fields": {
    "slug": "janice-shop",
    "full_name": "Janice's Shop",
    "country": "US",
    "created_at": "2026-01-01T00:00:00+00:00",
    "email": "tspproject@localhost.localdomain",
    "is_active": 1,
    "locality": "San Francisco",
    "phone": "+1 555 555 5555",
    "postal_code": 94102,
    "region": "CA",
    "street_address": "",
    "processor": 1
  },
  "model": "saas.organization", "pk": 5
},
{ "fields": {
    "slug": "supplier-1",
    "full_name": "S1 - Tamerin (Demo)",
    "country": "US",
    "created_at": "2026-01-01T00:00:00+00:00",
    "email": "tspproject@localhost.localdomain",
    "is_active": 1,
    "locality": "San Francisco",
    "phone": "+1 555 555 5555",
    "postal_code": 94102,
    "region": "CA",
    "street_address": "",
    "processor": 1,
    "extra": "{\"industry\":\"construction\",\"supplies\":\"PGE\"}"
  },
  "model": "saas.organization", "pk": 6
},
{ "fields": {
    "slug": "water-utility",
    "full_name": "Water utility (Demo)",
    "country": "US",
    "created_at": "2026-01-01T00:00:00+00:00",
    "email": "water-utility@localhost.localdomain",
    "is_active": 1,
    "locality": "San Francisco",
    "phone": "+1 555 555 5555",
    "postal_code": 94102,
    "region": "CA",
    "street_address": "",
    "processor": 1,
    "extra": "{\"testing\":1}"
  },
  "model": "saas.organization", "pk": 7
},
{ "fields": {
    "slug": "andy-shop",
    "full_name": "Andy's Shop",
    "country": "US",
    "created_at": "2026-01-01T00:00:00+00:00",
    "email": "tspproject@localhost.localdomain",
    "is_active": 1,
    "locality": "San Francisco",
    "phone": "+1 555 555 5555",
    "postal_code": 94102,
    "region": "CA",
    "street_address": "",
    "processor": 1,
    "extra": "{\"industry\":\"boxes-and-enclosures\"}"
  },
  "model": "saas.organization", "pk": 8
},
{ "fields": {
    "slug": "main-factory",
    "full_name": "Main Factory",
    "created_at": "2026-01-01T00:00:00+00:00"
  },
  "model": "saas.organization", "pk": 9
},
{
  "fields": {
    "date_joined": "2026-01-01T00:00:00+00:00",
    "email": "tspproject+1@localhost.localdomain",
    "first_name": "Donny",
    "is_active": true,
    "is_staff": false,
    "is_superuser": false,
    "password": "pbkdf2_sha256$10000$z0MBiWn0Rlem$iZdC6uHomlE07qGK/TqfcfxNzKJtFp03c0JILF1frRc=",
    "username": "donny"
  },
  "model": "auth.User", "pk": 1
},
{ "fields": {
    "date_joined": "2025-01-01T00:00:00+00:00",
    "email": "steve+3@localhost.localdomain",
    "first_name": "Steve",
    "last_name": "Three",
    "is_active": true,
    "password": "pbkdf2_sha256$10000$z0MBiWn0Rlem$iZdC6uHomlE07qGK/TqfcfxNzKJtFp03c0JILF1frRc=",
    "username": "steve3"
  },
  "model": "auth.User", "pk": 5
},
{ "fields": {
    "date_joined": "2026-01-01T00:00:00+00:00",
    "email": "tspproject+7@localhost.localdomain",
    "first_name": "Steve",
    "is_active": true,
    "password": "pbkdf2_sha256$10000$z0MBiWn0Rlem$iZdC6uHomlE07qGK/TqfcfxNzKJtFp03c0JILF1frRc=",
    "username": "steve"
  },
  "model": "auth.User", "pk": 7
},
{ "fields": {
    "date_joined": "2026-01-01T00:00:00+00:00",
    "email": "tspproject+8@localhost.localdomain",
    "first_name": "Andy",
    "is_active": true,
    "password": "pbkdf2_sha256$10000$z0MBiWn0Rlem$iZdC6uHomlE07qGK/TqfcfxNzKJtFp03c0JILF1frRc=",
    "username": "andy"
  },
  "model": "auth.User", "pk": 8
},
{ "fields": {
    "date_joined": "2026-01-01T00:00:00+00:00",
    "email": "tspproject+10@localhost.localdomain",
    "first_name": "Alice",
    "is_active": true,
    "password": "pbkdf2_sha256$10000$z0MBiWn0Rlem$iZdC6uHomlE07qGK/TqfcfxNzKJtFp03c0JILF1frRc=",
    "username": "alice"
  },
  "model": "auth.User", "pk": 10
},
{ "fields": {
    "date_joined": "2026-01-01T00:00:00+00:00",
    "email": "billy@djaoapp.com",
    "first_name": "Billy",
    "last_name": "SteveShop Contributor",
    "is_active": true,
    "password": "pbkdf2_sha256$10000$z0MBiWn0Rlem$iZdC6uHomlE07qGK/TqfcfxNzKJtFp03c0JILF1frRc=",
    "username": "billy"
  },
  "model": "auth.User", "pk": 11
},
{ "fields": {
    "date_joined": "2026-01-01T00:00:00+00:00",
    "email": "tspproject+6@localhost.localdomain",
    "first_name": "Erin",
    "last_name": "SupplierOne Viewer",
    "is_active": true,
    "password": "pbkdf2_sha256$10000$z0MBiWn0Rlem$iZdC6uHomlE07qGK/TqfcfxNzKJtFp03c0JILF1frRc=",
    "username": "erin"
  },
  "model": "auth.User", "pk": 6
},
{ "fields": {
    "date_joined": "2026-01-01T00:00:00+00:00",
    "email": "tspproject+9@localhost.localdomain",
    "first_name": "Janice",
    "last_name": "manager janice-shop",
    "is_active": true,
    "password": "pbkdf2_sha256$10000$z0MBiWn0Rlem$iZdC6uHomlE07qGK/TqfcfxNzKJtFp03c0JILF1frRc=",
    "username": "janice"
  },
  "model": "auth.User", "pk": 9
},
{ "fields": {
    "date_joined": "2026-01-01T00:00:00+00:00",
    "email": "tspproject+12@localhost.localdomain",
    "first_name": "Kathryn",
    "last_name": "profile manager alliance",
    "is_active": true,
    "password": "pbkdf2_sha256$10000$z0MBiWn0Rlem$iZdC6uHomlE07qGK/TqfcfxNzKJtFp03c0JILF1frRc=",
    "username": "kathryn"
  },
  "model": "auth.User", "pk": 12
},
{ "fields": {
    "slug":"managed",
    "title": "Managed Hosting",
    "created_at":"2026-01-01T00:00:00+00:00",
    "is_not_priced": 1,
    "period_type": 4,
    "description": "Managed hosting",
    "organization": 2,
    "skip_optin_on_grant": false,
    "is_active": 1
  },
  "model": "saas.Plan", "pk": 1
},

{ "fields": {
    "slug":"energy-utility-report",
    "title":"Reporting suppliers",
    "created_at":"2026-01-01T00:00:00+00:00",
    "is_not_priced": 1,
    "period_type": 4,
    "description": "Reporting to Energy Utility",
    "organization": 4,
    "skip_optin_on_grant": false,
    "is_active": 1
  },
  "model": "saas.Plan", "pk": 2
},
{ "fields": {
    "slug":"water-utility-report",
    "title":"Reporting suppliers",
    "created_at":"2026-01-01T00:00:00+00:00",
    "is_not_priced": 1,
    "period_type": 4,
    "description": "Reporting to Water Utility",
    "organization": 7,
    "skip_optin_on_grant": false,
    "is_active": 1
    },
  "model": "saas.Plan", "pk": 3
},
{ "fields": {
    "created_at": "2026-01-01T00:00:00+00:00",
    "ends_at": "2026-12-31T00:00:00+00:00",
    "organization": 3,
    "plan": 1
  },
  "model": "saas.subscription", "pk": 1
},

{ "fields": {
    "created_at": "2026-01-01T00:00:00+00:00",
    "ends_at": "2026-12-31T00:00:00+00:00",
    "organization": 6,
    "plan": 2
  },
  "model": "saas.subscription", "pk": 2
},
{ "fields": {
    "created_at": "2026-01-01T00:00:00+00:00",
    "ends_at": "2026-12-31T00:00:00+00:00",
    "organization": 8,
    "plan": 2,
    "extra": "{\"high_impact\":true}"
  },
  "model": "saas.subscription", "pk": 3
},
{ "fields": {
    "created_at": "2026-01-01T00:00:00+00:00",
    "ends_at": "2026-12-31T00:00:00+00:00",
    "organization": 6,
    "plan": 3
  },
  "model": "saas.subscription", "pk": 4
},
{ "fields": {
    "slug":"euissca-report",
    "title":"EUISSCA Utility Members",
    "created_at": "2026-01-01T00:00:00+00:00",
    "is_not_priced": 1,
    "period_type": 4,
    "description": "Enable reporting of utility members",
    "organization": 3,
    "skip_optin_on_grant": false,
    "is_active": 1
  },
  "model": "saas.Plan", "pk": 4
},
{ "fields": {
    "slug": "euissca-sam",
    "title":"EUISSCA Supplier Affiliate Members",
    "created_at":"2026-01-01T00:00:00+00:00",
    "is_not_priced": 1,
    "period_type": 4,
    "description": "Enable reporting of supplier affiliate members",
    "organization": 3,
    "skip_optin_on_grant": false,
    "is_active": 1
  },
  "model": "saas.Plan", "pk": 5
},
{ "fields": {
    "created_at": "2026-01-01T00:00:00+00:00",
    "ends_at": "2026-12-31T23:59:59+00:00",
    "plan": 4,
    "organization": 4
  },
  "model": "saas.Subscription", "pk": 5
},
{ "fields": {
    "created_at": "2026-01-01T00:00:00+00:00",
    "ends_at": "2026-12-31T23:59:59+00:00",
    "plan": 5,
    "organization": 9
  },
  "model": "saas.Subscription", "pk": 6
},
{ "fields": {
    "slug": "terms-of-use",
    "title": "Terms Of Use",
    "updated_at": "2026-01-01T00:00:00+00:00"
  },
  "model": "saas.agreement", "pk": 1
},
{ "fields": {
    "created_at": "2026-01-01T00:00:00+00:00",
    "slug": "manager",
    "title": "Profile Manager"
  },
  "model": "saas.RoleDescription", "pk": 1
},
{ "fields": {
    "created_at": "2026-01-01T00:00:00+00:00",
    "slug": "contributor",
    "title": "Contributor"
  },
  "model": "saas.RoleDescription", "pk": 2
},
{ "fields": {
    "created_at": "2026-01-01T00:00:00+00:00",
    "slug": "viewer",
    "title": "Viewer"
  },
  "model": "saas.RoleDescription", "pk": 3
},
{ "fields": {
    "last_signed": "2026-01-01T00:00:00+00:00",
    "agreement": 1,
    "user": 1
  },
  "model": "saas.signature", "pk": 1
},
{ "fields": {
    "created_at": "2026-01-01T00:00:00+00:00",
    "role_description": 1,
    "organization": 2,
    "user": 1
  },
  "model": "saas.Role", "pk": 1
},
{ "fields": {
    "last_signed": "2026-01-01T00:00:00+00:00",
    "agreement": 1,
    "user": 7
  },
  "model": "saas.signature", "pk": 2
},
{ "fields": {
    "created_at": "2026-01-01T00:00:00+00:00",
    "role_description": 1,
    "organization": 6,
    "user": 7
  },
  "model": "saas.Role", "pk": 3
},
{ "fields": {
    "last_signed": "2026-01-01T00:00:00+00:00",
    "agreement": 1,
    "user": 8
  },
  "model": "saas.signature", "pk": 3
},
{ "fields": {
    "created_at": "2026-01-01T00:00:00+00:00",
    "role_description": 1,
    "organization": 8,
    "user": 8
  },
  "model": "saas.Role", "pk": 4
},
{ "fields": {
    "created_at": "2026-01-01T00:00:00+00:00",
    "role_description": 2,
    "organization": 6,
    "user": 8
  },
  "model": "saas.Role", "pk": 5
},
{ "fields": {
    "last_signed": "2026-01-01T00:00:00+00:00",
    "agreement": 1,
    "user": 9
  },
  "model": "saas.signature", "pk": 9
},
{ "fields": {
    "created_at": "2026-01-01T00:00:00+00:00",
    "role_description": 3,
    "organization": 6,
    "user": 9
  },
  "model": "saas.Role", "pk": 6
},
{ "fields": {
    "created_at": "2026-01-01T00:00:00+00:00",
    "role_description": 1,
    "organization": 9,
    "user": 9
  },
  "model": "saas.Role", "pk": 9
},
{ "fields": {
    "last_signed": "2026-01-01T00:00:00+00:00",
    "agreement": 1,
    "user": 10
  },
  "model": "saas.signature", "pk": 10
},
{ "fields": {
    "created_at": "2026-01-01T00:00:00+00:00",
    "role_description": 1,
    "organization": 4,
    "user": 10
  },
  "model": "saas.Role", "pk": 10
},
{ "fields": {
    "last_signed": "2026-01-01T00:00:00+00:00",
    "agreement": 1,
    "user": 12
  },
  "model": "saas.signature", "pk": 12
},
{ "fields": {
    "created_at": "2026-01-01T00:00:00+00:00",
    "role_description": 1,
    "organization": 3,
    "user": 12
  },
  "model": "saas.Role", "pk": 12
},
{ "fields": {
    "slug": "supplier-2",
    "country": "US",
    "created_at": "2026-01-01T00:00:00+00:00",
    "full_name": "S2 - Erquin Asssociates (Demo)"
  },
  "model": "saas.organization", "pk": 10
},
{ "fields": {
    "slug": "supplier-3",
    "country": "US",
    "created_at": "2026-01-01T00:00:00+00:00",
    "full_name": "S3 - Smith & Hill (Demo)"
  },
  "model": "saas.organization", "pk": 11
},
{ "fields": {
    "slug": "supplier-4",
    "country": "US",
    "created_at": "2026-01-01T00:00:00+00:00",
    "full_name": "S4 - Hector Digging (Demo)"
  },
  "model": "saas.organization", "pk": 12
},
{ "fields": {
    "slug": "supplier-5",
    "country": "US",
    "created_at": "2026-01-01T00:00:00+00:00",
    "full_name": "S5 - Middletown Steel (Demo)"
  },
  "model": "saas.organization", "pk": 13
},
{ "fields": {
    "slug": "supplier-6",
    "country": "US",
    "created_at": "2026-01-01T00:00:00+00:00",
    "full_name": "S6 - Villafort Inc. (Demo)"
  },
  "model": "saas.organization", "pk": 14
},
{ "fields": {
    "slug": "supplier-7",
    "country": "US",
    "created_at": "2026-01-01T00:00:00+00:00",
    "full_name": "S7 - SteelWorks (Demo)"
  },
  "model": "saas.organization", "pk": 15
},
{ "fields": {
    "slug": "supplier-8",
    "country": "US",
    "created_at": "2026-01-01T00:00:00+00:00",
    "full_name": "S8 - Joe Trucks co. (Demo)"
  },
  "model": "saas.organization", "pk": 16
},
{ "fields": {
    "slug": "supplier-9",
    "country": "US",
    "created_at": "2026-01-01T00:00:00+00:00",
    "full_name": "S9 - Ball Construction (Demo)"
  },
  "model": "saas.organization", "pk": 17
},
{ "fields": {
    "slug": "demo-utility",
    "country": "US",
    "created_at": "2026-01-01T00:00:00+00:00",
    "full_name": "Utility (Demo)"
  },
  "model": "saas.organization", "pk": 18
},
{ "fields": {
    "slug": "desktop-reviewers",
    "full_name": "Desktop Reviewers",
    "country": "US",
    "created_at": "2026-01-01T00:00:00+00:00"
  },
  "model": "saas.organization", "pk": 19
},
{ "fields": {
    "date_joined": "2026-01-01T00:00:00+00:00",
    "email": "abby@localhost.localdomain",
    "first_name": "Abby",
    "last_name": "Verifier",
    "is_active": true,
    "password": "pbkdf2_sha256$10000$z0MBiWn0Rlem$iZdC6uHomlE07qGK/TqfcfxNzKJtFp03c0JILF1frRc=",
    "username": "abby"
  },
  "model": "auth.User", "pk": 19
},
{ "fields": {
    "created_at": "2026-01-01T00:00:00+00:00",
    "role_description": 1,
    "organization": 19,
    "user": 19
  },
  "model": "saas.Role", "pk": 19
},
{ "fields" : {
    "slug": "supplier-100-completed-notshared",
    "country": "US",
    "created_at": "2026-01-01T00:00:00+00:00",
    "full_name": "S100 - Completed NotShared (Demo)"
  },
  "model" : "saas.organization", "pk" : 100
},
{ "fields" : {
    "slug": "supplier-1-onboarding",
    "country": "US",
    "created_at": "2026-01-01T00:00:00+00:00",
    "full_name": "S1 - Onboarding (Test)"
  },
  "model" : "saas.organization", "pk" : 101
},
{ "fields" : {
    "slug": "supplier-2-onboarding",
    "country": "US",
    "created_at": "2026-01-01T00:00:00+00:00",
    "full_name": "S2 - Onboarding (Test)"
  },
  "model" : "saas.organization", "pk" : 102
},
{ "fields" : {
    "slug": "supplier-3-onboarding",
    "country": "US",
    "created_at": "2026-01-01T00:00:00+00:00",
    "full_name": "S3 - Onboarding (Test)"
  },
  "model" : "saas.organization", "pk" : 103
},
{ "fields" : {
    "slug": "supplier-4-onboarding",
    "country": "US",
    "created_at": "2026-01-01T00:00:00+00:00",
    "full_name": "S4 - Onboarding (Test)"
  },
  "model" : "saas.organization", "pk" : 104
},
{ "fields" : {
    "slug": "procurement-200",
    "country": "US",
    "created_at": "2026-01-01T00:00:00+00:00",
    "full_name": "Procurement 200 (Demo)"
  },
  "model" : "saas.organization", "pk" : 200
},
{ "fields" : {
    "slug": "supplier-201",
    "country": "US",
    "created_at": "2026-01-01T00:00:00+00:00",
    "full_name": "Supplier 201 (Demo)"
  },
  "model" : "saas.organization", "pk" : 201
},
{ "fields" : {
    "slug": "supplier-202",
    "country": "US",
    "created_at": "2026-01-01T00:00:00+00:00",
    "full_name": "Supplier 202 (Demo)"
  },
  "model" : "saas.organization", "pk" : 202
},

{ "fields": {
    "slug": "djaopsp",
    "account": 2,
    "session_backend": 2,
    "entry_point": "http://localhost:8040"
  },
  "model": "rules.app", "pk": 1
},
{ "fields": {
    "app": 1,
    "rank": 1,
    "path": "/api/content/editables/{organization}/",
    "rule_op": 3
  },
  "model": "rules.Rule", "pk": 1
},
{ "fields": {
    "app": 1,
    "rank": 2,
    "path": "/api/content/",
    "rule_op": 1
  },
  "model": "rules.Rule", "pk": 2
},
{ "fields": {
    "app": 1,
    "rank": 3,
    "path": "/api/profile/{organization}/roles/{role}",
    "rule_op": 6
  },
  "model": "rules.Rule", "pk": 3
},
{ "fields": {
    "app": 1,
    "rank": 4,
    "path": "/api/profile/{organization}/roles",
    "rule_op": 1
  },
  "model": "rules.Rule", "pk": 4
},
{ "fields": {
    "app": 1,
    "rank": 5,
    "path": "/api/profile/{organization}",
    "rule_op": 6
  },
  "model": "rules.Rule", "pk": 5
},

{ "fields": {
    "app": 1,
    "rank": 6,
    "path": "/api/profile/",
    "rule_op": 1
  },
  "model": "rules.Rule", "pk": 6
},

{ "fields": {
    "app": 1,
    "rank": 7,
    "path": "/api/units",
    "rule_op": 1
  },
  "model": "rules.Rule", "pk": 7
},
{ "fields": {
    "app": 1,
    "rank": 8,
    "path": "/api/timer",
    "rule_op": 1
  },
  "model": "rules.Rule", "pk": 8
},
{ "fields": {
    "app": 1,
    "rank": 9,
    "path": "/api/{organization}/campaigns",
    "rule_op": 16,
    "kwargs": "{\"plan\": \"managed\"}"
  },
  "model": "rules.Rule", "pk": 9
},
{ "fields": {
    "app": 1,
    "rank": 10,
    "path": "/api/{organization}/reporting/",
    "rule_op": 18,
    "kwargs": "{\"roledescription\": [\"viewer\", \"contributor\"]}"
  },
  "model": "rules.Rule", "pk": 10
},
{ "fields": {
    "app": 1,
    "rank": 11,
    "path": "/api/{organization}/",
    "rule_op": 4,
    "kwargs": "{\"roledescription\": [\"viewer\", \"contributor\"]}"
  },
  "model": "rules.Rule", "pk": 11
},

{ "fields": {
    "app": 1,
    "rank": 12,
    "path": "/app/assess/",
    "rule_op": 1,
    "engaged": "app,info"
  },
  "model": "rules.Rule", "pk": 12
},
{ "fields": {
    "app": 1,
    "rank": 13,
    "path": "/app/reporting/",
    "rule_op": 1
  },
  "model": "rules.Rule", "pk": 13
},
{ "fields": {
    "app": 1,
    "rank": 14,
    "path": "/app/info/courses/",
    "rule_op": 1
  },
  "model": "rules.Rule", "pk": 14
},
{ "fields": {
    "app": 1,
    "rank": 15,
    "path": "/app/info/",
    "rule_op": 1
  },
  "model": "rules.Rule", "pk": 15
},
{ "fields": {
    "app": 1,
    "rank": 16,
    "path": "/app/{organization}/improve/",
    "rule_op": 1,
    "kwargs": "{\"roledescription\": [\"viewer\", \"contributor\"]}"
  },
  "model": "rules.Rule", "pk": 16
},
{ "fields": {
    "app": 1,
    "rank": 17,
    "path": "/app/{organization}/assess/",
    "rule_op": 1,
    "kwargs": "{\"roledescription\": [\"viewer\", \"contributor\"]}"
  },
  "model": "rules.Rule", "pk": 17
},
{ "fields": {
    "app": 1,
    "rank": 18,
    "path": "/app/{organization}/reporting/",
    "rule_op": 1,
    "kwargs": "{\"roledescription\": [\"viewer\", \"contributor\"]}"
  },
  "model": "rules.Rule", "pk": 18
},
{ "fields": {
    "app": 1,
    "rank": 19,
    "path": "/app/{organization}/",
    "rule_op": 3,
    "kwargs": "{\"roledescription\": [\"viewer\", \"contributor\"]}"
  },
  "model": "rules.Rule", "pk": 19
},
{ "fields": {
    "app": 1,
    "rank": 20,
    "path": "/app/",
    "rule_op": 1
  },
  "model": "rules.Rule", "pk": 20
},
{ "fields": {
    "app": 1,
    "rank": 21,
    "path": "/getstarted/",
    "rule_op": 0,
    "is_forward": true
  },
  "model": "rules.Rule", "pk": 21
},
{ "fields": {
    "app": 1,
    "rank": 22,
    "path": "/sourcing/",
    "rule_op": 0,
    "is_forward": true
  },
  "model": "rules.Rule", "pk": 22
},
{ "fields": {
    "app": 1,
    "rank": 23,
    "path": "/",
    "rule_op": 0
  },
  "model": "rules.Rule", "pk": 23
}]
